﻿{"data":[{"ChildObjects":[{"ObjectIdentifier":"63B2DC2B-2CF0-46E5-9417-83C546C27739","ObjectType":"Container"},{"ObjectIdentifier":"9667C811-FADF-43CC-9D10-911E61F6A30E","ObjectType":"OU"},{"ObjectIdentifier":"674E4F3C-784D-46BA-AD54-378FEB64EDF6","ObjectType":"Container"},{"ObjectIdentifier":"0D5F74F6-979C-4362-8B22-855A55534BA0","ObjectType":"OU"},{"ObjectIdentifier":"5B46DF9F-7D9F-4E1D-B461-1D75AAC72362","ObjectType":"OU"},{"ObjectIdentifier":"2941CE0A-9856-442C-A12B-029370819403","ObjectType":"Container"},{"ObjectIdentifier":"6621778B-ABD9-4F0A-99BE-DC5987FC62C7","ObjectType":"OU"},{"ObjectIdentifier":"1D92687D-1DC2-4FB3-97D2-8466DF676C1B","ObjectType":"OU"},{"ObjectIdentifier":"0498048B-EEFE-4438-97EC-F1C1E46F8D4D","ObjectType":"OU"},{"ObjectIdentifier":"2C5EFE47-5E2B-419F-93EA-171BA118F7C2","ObjectType":"Container"}],"Trusts":[],"Links":[{"IsEnforced":false,"GUID":"C384B8B4-4B77-496C-A115-1DC53B70C3D6"},{"IsEnforced":false,"GUID":"C27253D7-1B55-43F2-9272-7537B91E7E00"},{"IsEnforced":false,"GUID":"5116A981-7791-4A22-93A8-2F0EE5242DBB"},{"IsEnforced":false,"GUID":"49A7B7D4-3228-499A-93AE-927BF03B2455"},{"IsEnforced":false,"GUID":"2A2326A3-33C4-4F0E-87D3-3235B7B96623"},{"IsEnforced":false,"GUID":"FC1AF310-0DDB-485E-80FA-65BEAC6683F9"},{"IsEnforced":false,"GUID":"41083458-3BDE-41D1-A916-1D7D1732E8E9"}],"Aces":[{"PrincipalSID":"SECHQCORP.COM-S-1-5-32-544","PrincipalType":"Group","RightName":"Owns","IsInherited":false},{"PrincipalSID":"SECHQCORP.COM-S-1-5-32-544","PrincipalType":"Group","RightName":"WriteDacl","IsInherited":false},{"PrincipalSID":"SECHQCORP.COM-S-1-5-32-544","PrincipalType":"Group","RightName":"WriteOwner","IsInherited":false},{"PrincipalSID":"SECHQCORP.COM-S-1-5-32-544","PrincipalType":"Group","RightName":"AllExtendedRights","IsInherited":false},{"PrincipalSID":"S-1-5-21-2753036698-1833876717-151524435-512","PrincipalType":"Group","RightName":"WriteDacl","IsInherited":false},{"PrincipalSID":"S-1-5-21-2753036698-1833876717-151524435-512","PrincipalType":"Group","RightName":"WriteOwner","IsInherited":false},{"PrincipalSID":"S-1-5-21-2753036698-1833876717-151524435-512","PrincipalType":"Group","RightName":"AllExtendedRights","IsInherited":false},{"PrincipalSID":"S-1-5-21-2753036698-1833876717-151524435-519","PrincipalType":"Group","RightName":"GenericAll","IsInherited":false},{"PrincipalSID":"SECHQCORP.COM-S-1-5-9","PrincipalType":"Group","RightName":"GetChanges","IsInherited":false},{"PrincipalSID":"SECHQCORP.COM-S-1-5-32-544","PrincipalType":"Group","RightName":"GetChangesAll","IsInherited":false},{"PrincipalSID":"SECHQCORP.COM-S-1-5-32-544","PrincipalType":"Group","RightName":"GetChanges","IsInherited":false},{"PrincipalSID":"S-1-5-21-2753036698-1833876717-151524435-498","PrincipalType":"Group","RightName":"GetChanges","IsInherited":false},{"PrincipalSID":"S-1-5-21-2753036698-1833876717-151524435-516","PrincipalType":"Group","RightName":"GetChangesAll","IsInherited":false}],"ObjectIdentifier":"S-1-5-21-2753036698-1833876717-151524435","IsDeleted":false,"IsACLProtected":false,"GPOChanges":{"LocalAdmins":[],"RemoteDesktopUsers":[],"DcomUsers":[],"PSRemoteUsers":[],"AffectedComputers":[]},"Properties":{"domain":"SECHQCORP.COM","name":"SECHQCORP.COM","distinguishedname":"DC=SECHQCORP,DC=COM","domainsid":"S-1-5-21-2753036698-1833876717-151524435","description":null,"whencreated":1592811720,"functionallevel":"2012 R2"}}],"meta":{"methods":29675,"type":"domains","count":1,"version":4}}