﻿{"data":[{"Links":[],"ChildObjects":[{"ObjectIdentifier":"D3536EAA-F19B-4175-9BC7-18ECB5A8B0B4","ObjectType":"OU"},{"ObjectIdentifier":"027E86D6-384D-4BAF-9A28-894F0EF70A49","ObjectType":"OU"},{"ObjectIdentifier":"BC3EFEFA-691D-4B88-86A3-B21E75FCBAD8","ObjectType":"OU"}],"Aces":[{"PrincipalSID":"S-1-5-21-2753036698-1833876717-151524435-512","PrincipalType":"Group","RightName":"Owns","IsInherited":false},{"PrincipalSID":"S-1-5-21-2753036698-1833876717-151524435-512","PrincipalType":"Group","RightName":"GenericAll","IsInherited":false},{"PrincipalSID":"S-1-5-21-2753036698-1833876717-151524435-519","PrincipalType":"Group","RightName":"GenericAll","IsInherited":true},{"PrincipalSID":"SECHQCORP.COM-S-1-5-32-544","PrincipalType":"Group","RightName":"WriteDacl","IsInherited":true},{"PrincipalSID":"SECHQCORP.COM-S-1-5-32-544","PrincipalType":"Group","RightName":"WriteOwner","IsInherited":true}],"ObjectIdentifier":"0498048B-EEFE-4438-97EC-F1C1E46F8D4D","IsDeleted":false,"IsACLProtected":false,"GPOChanges":{"LocalAdmins":[],"RemoteDesktopUsers":[],"DcomUsers":[],"PSRemoteUsers":[],"AffectedComputers":[]},"Properties":{"domain":"SECHQCORP.COM","name":"UK-LONDON@SECHQCORP.COM","distinguishedname":"OU=UK-LONDON,DC=SECHQCORP,DC=COM","domainsid":"S-1-5-21-2753036698-1833876717-151524435","description":null,"whencreated":1592813963,"blocksinheritance":false}},{"Links":[],"ChildObjects":[{"ObjectIdentifier":"12CE29F2-6F03-4F5A-83F4-A66C6DCB9522","ObjectType":"OU"},{"ObjectIdentifier":"S-1-5-21-2753036698-1833876717-151524435-1721","ObjectType":"User"},{"ObjectIdentifier":"S-1-5-21-2753036698-1833876717-151524435-1722","ObjectType":"Group"},{"ObjectIdentifier":"S-1-5-21-2753036698-1833876717-151524435-1742","ObjectType":"Group"},{"ObjectIdentifier":"S-1-5-21-2753036698-1833876717-151524435-1756","ObjectType":"User"},{"ObjectIdentifier":"A3EAF045-096E-422B-9C77-3DC198CFDF06","ObjectType":"OU"}],"Aces":[{"PrincipalSID":"S-1-5-21-2753036698-1833876717-151524435-512","PrincipalType":"Group","RightName":"Owns","IsInherited":false},{"PrincipalSID":"S-1-5-21-2753036698-1833876717-151524435-512","PrincipalType":"Group","RightName":"GenericAll","IsInherited":false},{"PrincipalSID":"S-1-5-21-2753036698-1833876717-151524435-519","PrincipalType":"Group","RightName":"GenericAll","IsInherited":true},{"PrincipalSID":"SECHQCORP.COM-S-1-5-32-544","PrincipalType":"Group","RightName":"WriteDacl","IsInherited":true},{"PrincipalSID":"SECHQCORP.COM-S-1-5-32-544","PrincipalType":"Group","RightName":"WriteOwner","IsInherited":true}],"ObjectIdentifier":"1D92687D-1DC2-4FB3-97D2-8466DF676C1B","IsDeleted":false,"IsACLProtected":false,"GPOChanges":{"LocalAdmins":[],"RemoteDesktopUsers":[],"DcomUsers":[],"PSRemoteUsers":[],"AffectedComputers":[]},"Properties":{"domain":"SECHQCORP.COM","name":"UAE-DUBAI@SECHQCORP.COM","distinguishedname":"OU=UAE-DUBAI,DC=SECHQCORP,DC=COM","domainsid":"S-1-5-21-2753036698-1833876717-151524435","description":null,"whencreated":1592814044,"blocksinheritance":false}},{"Links":[],"ChildObjects":[{"ObjectIdentifier":"S-1-5-21-2753036698-1833876717-151524435-1381","ObjectType":"Computer"},{"ObjectIdentifier":"S-1-5-21-2753036698-1833876717-151524435-1104","ObjectType":"Computer"}],"Aces":[{"PrincipalSID":"S-1-5-21-2753036698-1833876717-151524435-512","PrincipalType":"Group","RightName":"Owns","IsInherited":false},{"PrincipalSID":"S-1-5-21-2753036698-1833876717-151524435-512","PrincipalType":"Group","RightName":"GenericAll","IsInherited":false},{"PrincipalSID":"S-1-5-21-2753036698-1833876717-151524435-519","PrincipalType":"Group","RightName":"GenericAll","IsInherited":true},{"PrincipalSID":"SECHQCORP.COM-S-1-5-32-544","PrincipalType":"Group","RightName":"WriteDacl","IsInherited":true},{"PrincipalSID":"SECHQCORP.COM-S-1-5-32-544","PrincipalType":"Group","RightName":"WriteOwner","IsInherited":true}],"ObjectIdentifier":"D3536EAA-F19B-4175-9BC7-18ECB5A8B0B4","IsDeleted":false,"IsACLProtected":false,"GPOChanges":{"LocalAdmins":[],"RemoteDesktopUsers":[],"DcomUsers":[],"PSRemoteUsers":[],"AffectedComputers":[]},"Properties":{"domain":"SECHQCORP.COM","name":"COMPUTERS@SECHQCORP.COM","distinguishedname":"OU=COMPUTERS,OU=UK-LONDON,DC=SECHQCORP,DC=COM","domainsid":"S-1-5-21-2753036698-1833876717-151524435","description":null,"whencreated":1594382528,"blocksinheritance":false}},{"Links":[{"IsEnforced":false,"GUID":"8AC9D4B0-C176-49EE-A7FE-312F3EE82D95"}],"ChildObjects":[{"ObjectIdentifier":"S-1-5-21-2753036698-1833876717-151524435-1496","ObjectType":"User"},{"ObjectIdentifier":"S-1-5-21-2753036698-1833876717-151524435-1514","ObjectType":"User"},{"ObjectIdentifier":"S-1-5-21-2753036698-1833876717-151524435-1140","ObjectType":"User"},{"ObjectIdentifier":"S-1-5-21-2753036698-1833876717-151524435-1719","ObjectType":"Group"},{"ObjectIdentifier":"S-1-5-21-2753036698-1833876717-151524435-1498","ObjectType":"Group"},{"ObjectIdentifier":"S-1-5-21-2753036698-1833876717-151524435-1499","ObjectType":"Group"},{"ObjectIdentifier":"S-1-5-21-2753036698-1833876717-151524435-1497","ObjectType":"Group"},{"ObjectIdentifier":"S-1-5-21-2753036698-1833876717-151524435-1589","ObjectType":"Group"},{"ObjectIdentifier":"S-1-5-21-2753036698-1833876717-151524435-1523","ObjectType":"Group"},{"ObjectIdentifier":"S-1-5-21-2753036698-1833876717-151524435-1611","ObjectType":"Group"},{"ObjectIdentifier":"S-1-5-21-2753036698-1833876717-151524435-1522","ObjectType":"Group"},{"ObjectIdentifier":"S-1-5-21-2753036698-1833876717-151524435-1610","ObjectType":"Group"},{"ObjectIdentifier":"S-1-5-21-2753036698-1833876717-151524435-1533","ObjectType":"Group"},{"ObjectIdentifier":"S-1-5-21-2753036698-1833876717-151524435-1521","ObjectType":"Group"},{"ObjectIdentifier":"S-1-5-21-2753036698-1833876717-151524435-1504","ObjectType":"Group"},{"ObjectIdentifier":"S-1-5-21-2753036698-1833876717-151524435-1501","ObjectType":"Group"},{"ObjectIdentifier":"S-1-5-21-2753036698-1833876717-151524435-1493","ObjectType":"Group"},{"ObjectIdentifier":"S-1-5-21-2753036698-1833876717-151524435-1491","ObjectType":"Group"},{"ObjectIdentifier":"S-1-5-21-2753036698-1833876717-151524435-1490","ObjectType":"Group"},{"ObjectIdentifier":"S-1-5-21-2753036698-1833876717-151524435-1503","ObjectType":"Group"},{"ObjectIdentifier":"S-1-5-21-2753036698-1833876717-151524435-1487","ObjectType":"Group"},{"ObjectIdentifier":"S-1-5-21-2753036698-1833876717-151524435-1489","ObjectType":"Group"},{"ObjectIdentifier":"S-1-5-21-2753036698-1833876717-151524435-1492","ObjectType":"Group"},{"ObjectIdentifier":"S-1-5-21-2753036698-1833876717-151524435-1494","ObjectType":"Group"},{"ObjectIdentifier":"S-1-5-21-2753036698-1833876717-151524435-1488","ObjectType":"Group"},{"ObjectIdentifier":"S-1-5-21-2753036698-1833876717-151524435-1495","ObjectType":"User"},{"ObjectIdentifier":"S-1-5-21-2753036698-1833876717-151524435-1138","ObjectType":"User"},{"ObjectIdentifier":"S-1-5-21-2753036698-1833876717-151524435-1143","ObjectType":"User"},{"ObjectIdentifier":"S-1-5-21-2753036698-1833876717-151524435-1146","ObjectType":"User"},{"ObjectIdentifier":"S-1-5-21-2753036698-1833876717-151524435-1687","ObjectType":"User"},{"ObjectIdentifier":"S-1-5-21-2753036698-1833876717-151524435-1145","ObjectType":"User"},{"ObjectIdentifier":"S-1-5-21-2753036698-1833876717-151524435-1730","ObjectType":"User"},{"ObjectIdentifier":"S-1-5-21-2753036698-1833876717-151524435-1515","ObjectType":"User"},{"ObjectIdentifier":"S-1-5-21-2753036698-1833876717-151524435-1144","ObjectType":"User"},{"ObjectIdentifier":"S-1-5-21-2753036698-1833876717-151524435-1657","ObjectType":"User"},{"ObjectIdentifier":"S-1-5-21-2753036698-1833876717-151524435-1142","ObjectType":"User"},{"ObjectIdentifier":"S-1-5-21-2753036698-1833876717-151524435-1688","ObjectType":"User"}],"Aces":[{"PrincipalSID":"S-1-5-21-2753036698-1833876717-151524435-512","PrincipalType":"Group","RightName":"Owns","IsInherited":false},{"PrincipalSID":"S-1-5-21-2753036698-1833876717-151524435-512","PrincipalType":"Group","RightName":"GenericAll","IsInherited":false},{"PrincipalSID":"S-1-5-21-2753036698-1833876717-151524435-519","PrincipalType":"Group","RightName":"GenericAll","IsInherited":true},{"PrincipalSID":"SECHQCORP.COM-S-1-5-32-544","PrincipalType":"Group","RightName":"WriteDacl","IsInherited":true},{"PrincipalSID":"SECHQCORP.COM-S-1-5-32-544","PrincipalType":"Group","RightName":"WriteOwner","IsInherited":true}],"ObjectIdentifier":"BC3EFEFA-691D-4B88-86A3-B21E75FCBAD8","IsDeleted":false,"IsACLProtected":false,"GPOChanges":{"LocalAdmins":[],"RemoteDesktopUsers":[],"DcomUsers":[],"PSRemoteUsers":[],"AffectedComputers":[]},"Properties":{"domain":"SECHQCORP.COM","name":"USERS@SECHQCORP.COM","distinguishedname":"OU=USERS,OU=UK-LONDON,DC=SECHQCORP,DC=COM","domainsid":"S-1-5-21-2753036698-1833876717-151524435","description":null,"whencreated":1594382515,"blocksinheritance":false}},{"Links":[{"IsEnforced":false,"GUID":"8AC9D4B0-C176-49EE-A7FE-312F3EE82D95"}],"ChildObjects":[{"ObjectIdentifier":"S-1-5-21-2753036698-1833876717-151524435-1115","ObjectType":"User"},{"ObjectIdentifier":"S-1-5-21-2753036698-1833876717-151524435-1123","ObjectType":"User"},{"ObjectIdentifier":"S-1-5-21-2753036698-1833876717-151524435-1121","ObjectType":"User"},{"ObjectIdentifier":"S-1-5-21-2753036698-1833876717-151524435-1126","ObjectType":"User"},{"ObjectIdentifier":"S-1-5-21-2753036698-1833876717-151524435-1741","ObjectType":"User"},{"ObjectIdentifier":"S-1-5-21-2753036698-1833876717-151524435-1127","ObjectType":"User"},{"ObjectIdentifier":"S-1-5-21-2753036698-1833876717-151524435-1133","ObjectType":"User"},{"ObjectIdentifier":"S-1-5-21-2753036698-1833876717-151524435-1120","ObjectType":"User"},{"ObjectIdentifier":"S-1-5-21-2753036698-1833876717-151524435-1114","ObjectType":"User"},{"ObjectIdentifier":"S-1-5-21-2753036698-1833876717-151524435-1764","ObjectType":"User"},{"ObjectIdentifier":"S-1-5-21-2753036698-1833876717-151524435-1117","ObjectType":"User"},{"ObjectIdentifier":"S-1-5-21-2753036698-1833876717-151524435-1118","ObjectType":"User"},{"ObjectIdentifier":"S-1-5-21-2753036698-1833876717-151524435-1124","ObjectType":"User"},{"ObjectIdentifier":"S-1-5-21-2753036698-1833876717-151524435-1134","ObjectType":"User"},{"ObjectIdentifier":"S-1-5-21-2753036698-1833876717-151524435-1408","ObjectType":"User"},{"ObjectIdentifier":"S-1-5-21-2753036698-1833876717-151524435-1119","ObjectType":"User"},{"ObjectIdentifier":"S-1-5-21-2753036698-1833876717-151524435-1116","ObjectType":"User"},{"ObjectIdentifier":"S-1-5-21-2753036698-1833876717-151524435-1125","ObjectType":"User"},{"ObjectIdentifier":"S-1-5-21-2753036698-1833876717-151524435-1122","ObjectType":"User"},{"ObjectIdentifier":"S-1-5-21-2753036698-1833876717-151524435-1555","ObjectType":"User"}],"Aces":[{"PrincipalSID":"S-1-5-21-2753036698-1833876717-151524435-512","PrincipalType":"Group","RightName":"Owns","IsInherited":false},{"PrincipalSID":"S-1-5-21-2753036698-1833876717-151524435-512","PrincipalType":"Group","RightName":"GenericAll","IsInherited":false},{"PrincipalSID":"S-1-5-21-2753036698-1833876717-151524435-519","PrincipalType":"Group","RightName":"GenericAll","IsInherited":true},{"PrincipalSID":"SECHQCORP.COM-S-1-5-32-544","PrincipalType":"Group","RightName":"WriteDacl","IsInherited":true},{"PrincipalSID":"SECHQCORP.COM-S-1-5-32-544","PrincipalType":"Group","RightName":"WriteOwner","IsInherited":true}],"ObjectIdentifier":"A3EAF045-096E-422B-9C77-3DC198CFDF06","IsDeleted":false,"IsACLProtected":false,"GPOChanges":{"LocalAdmins":[],"RemoteDesktopUsers":[],"DcomUsers":[],"PSRemoteUsers":[],"AffectedComputers":[]},"Properties":{"domain":"SECHQCORP.COM","name":"USERS@SECHQCORP.COM","distinguishedname":"OU=USERS,OU=UAE-DUBAI,DC=SECHQCORP,DC=COM","domainsid":"S-1-5-21-2753036698-1833876717-151524435","description":null,"whencreated":1596536324,"blocksinheritance":false}},{"Links":[{"IsEnforced":false,"GUID":"D77FDBA2-1F4C-4ACA-8C96-33122C26DDA2"}],"ChildObjects":[{"ObjectIdentifier":"S-1-5-21-2753036698-1833876717-151524435-1106","ObjectType":"User"},{"ObjectIdentifier":"S-1-5-21-2753036698-1833876717-151524435-1105","ObjectType":"Computer"},{"ObjectIdentifier":"S-1-5-21-2753036698-1833876717-151524435-1108","ObjectType":"Computer"},{"ObjectIdentifier":"S-1-5-21-2753036698-1833876717-151524435-1107","ObjectType":"User"}],"Aces":[{"PrincipalSID":"S-1-5-21-2753036698-1833876717-151524435-512","PrincipalType":"Group","RightName":"Owns","IsInherited":false},{"PrincipalSID":"S-1-5-21-2753036698-1833876717-151524435-512","PrincipalType":"Group","RightName":"GenericAll","IsInherited":false},{"PrincipalSID":"S-1-5-21-2753036698-1833876717-151524435-519","PrincipalType":"Group","RightName":"GenericAll","IsInherited":true},{"PrincipalSID":"SECHQCORP.COM-S-1-5-32-544","PrincipalType":"Group","RightName":"WriteDacl","IsInherited":true},{"PrincipalSID":"SECHQCORP.COM-S-1-5-32-544","PrincipalType":"Group","RightName":"WriteOwner","IsInherited":true}],"ObjectIdentifier":"027E86D6-384D-4BAF-9A28-894F0EF70A49","IsDeleted":false,"IsACLProtected":false,"GPOChanges":{"LocalAdmins":[],"RemoteDesktopUsers":[],"DcomUsers":[],"PSRemoteUsers":[],"AffectedComputers":[]},"Properties":{"domain":"SECHQCORP.COM","name":"REMOTEWORKERS@SECHQCORP.COM","distinguishedname":"OU=REMOTEWORKERS,OU=UK-LONDON,DC=SECHQCORP,DC=COM","domainsid":"S-1-5-21-2753036698-1833876717-151524435","description":null,"whencreated":1594382944,"blocksinheritance":false}},{"Links":[],"ChildObjects":[{"ObjectIdentifier":"2EF8CF8E-B12B-4391-AC6D-7D339BC87BD7","ObjectType":"OU"},{"ObjectIdentifier":"0E3C6688-A212-42EC-A36B-EF3B6413F25A","ObjectType":"OU"},{"ObjectIdentifier":"651892F7-E1FA-4BE5-ABAC-F803D120682F","ObjectType":"OU"},{"ObjectIdentifier":"F3D7CE44-F779-4492-A606-AF7AAC877EE0","ObjectType":"OU"},{"ObjectIdentifier":"EE705FB3-9627-4E90-8D87-1CEA3FB67E0A","ObjectType":"OU"},{"ObjectIdentifier":"C807211A-227D-478D-8994-BD3D2096DF1C","ObjectType":"OU"}],"Aces":[{"PrincipalSID":"S-1-5-21-2753036698-1833876717-151524435-512","PrincipalType":"Group","RightName":"Owns","IsInherited":false},{"PrincipalSID":"S-1-5-21-2753036698-1833876717-151524435-512","PrincipalType":"Group","RightName":"GenericAll","IsInherited":false},{"PrincipalSID":"S-1-5-21-2753036698-1833876717-151524435-519","PrincipalType":"Group","RightName":"GenericAll","IsInherited":true},{"PrincipalSID":"SECHQCORP.COM-S-1-5-32-544","PrincipalType":"Group","RightName":"WriteDacl","IsInherited":true},{"PrincipalSID":"SECHQCORP.COM-S-1-5-32-544","PrincipalType":"Group","RightName":"WriteOwner","IsInherited":true}],"ObjectIdentifier":"0D5F74F6-979C-4362-8B22-855A55534BA0","IsDeleted":false,"IsACLProtected":false,"GPOChanges":{"LocalAdmins":[],"RemoteDesktopUsers":[],"DcomUsers":[],"PSRemoteUsers":[],"AffectedComputers":[]},"Properties":{"domain":"SECHQCORP.COM","name":"INDIA-PUNE@SECHQCORP.COM","distinguishedname":"OU=INDIA-PUNE,DC=SECHQCORP,DC=COM","domainsid":"S-1-5-21-2753036698-1833876717-151524435","description":null,"whencreated":1592813982,"blocksinheritance":false}},{"Links":[{"IsEnforced":false,"GUID":"1DD4C3C4-C993-4488-AE16-FBD92AB1A572"},{"IsEnforced":false,"GUID":"8AC9D4B0-C176-49EE-A7FE-312F3EE82D95"}],"ChildObjects":[{"ObjectIdentifier":"S-1-5-21-2753036698-1833876717-151524435-1276","ObjectType":"Computer"},{"ObjectIdentifier":"S-1-5-21-2753036698-1833876717-151524435-1751","ObjectType":"Computer"},{"ObjectIdentifier":"S-1-5-21-2753036698-1833876717-151524435-1697","ObjectType":"Computer"},{"ObjectIdentifier":"S-1-5-21-2753036698-1833876717-151524435-1701","ObjectType":"Computer"},{"ObjectIdentifier":"S-1-5-21-2753036698-1833876717-151524435-1660","ObjectType":"Computer"},{"ObjectIdentifier":"S-1-5-21-2753036698-1833876717-151524435-1128","ObjectType":"Computer"},{"ObjectIdentifier":"S-1-5-21-2753036698-1833876717-151524435-1659","ObjectType":"Computer"},{"ObjectIdentifier":"S-1-5-21-2753036698-1833876717-151524435-1471","ObjectType":"Computer"},{"ObjectIdentifier":"S-1-5-21-2753036698-1833876717-151524435-1482","ObjectType":"Computer"}],"Aces":[{"PrincipalSID":"S-1-5-21-2753036698-1833876717-151524435-512","PrincipalType":"Group","RightName":"Owns","IsInherited":false},{"PrincipalSID":"S-1-5-21-2753036698-1833876717-151524435-512","PrincipalType":"Group","RightName":"GenericAll","IsInherited":false},{"PrincipalSID":"S-1-5-21-2753036698-1833876717-151524435-519","PrincipalType":"Group","RightName":"GenericAll","IsInherited":true},{"PrincipalSID":"SECHQCORP.COM-S-1-5-32-544","PrincipalType":"Group","RightName":"WriteDacl","IsInherited":true},{"PrincipalSID":"SECHQCORP.COM-S-1-5-32-544","PrincipalType":"Group","RightName":"WriteOwner","IsInherited":true}],"ObjectIdentifier":"12CE29F2-6F03-4F5A-83F4-A66C6DCB9522","IsDeleted":false,"IsACLProtected":false,"GPOChanges":{"LocalAdmins":[],"RemoteDesktopUsers":[],"DcomUsers":[],"PSRemoteUsers":[],"AffectedComputers":[]},"Properties":{"domain":"SECHQCORP.COM","name":"COMPUTERS@SECHQCORP.COM","distinguishedname":"OU=COMPUTERS,OU=UAE-DUBAI,DC=SECHQCORP,DC=COM","domainsid":"S-1-5-21-2753036698-1833876717-151524435","description":null,"whencreated":1596536357,"blocksinheritance":false}},{"Links":[],"ChildObjects":[{"ObjectIdentifier":"S-1-5-21-2753036698-1833876717-151524435-1479","ObjectType":"User"},{"ObjectIdentifier":"S-1-5-21-2753036698-1833876717-151524435-1534","ObjectType":"User"},{"ObjectIdentifier":"S-1-5-21-2753036698-1833876717-151524435-1595","ObjectType":"User"}],"Aces":[{"PrincipalSID":"S-1-5-21-2753036698-1833876717-151524435-512","PrincipalType":"Group","RightName":"Owns","IsInherited":false},{"PrincipalSID":"S-1-5-21-2753036698-1833876717-151524435-512","PrincipalType":"Group","RightName":"GenericAll","IsInherited":false},{"PrincipalSID":"S-1-5-21-2753036698-1833876717-151524435-519","PrincipalType":"Group","RightName":"GenericAll","IsInherited":true},{"PrincipalSID":"SECHQCORP.COM-S-1-5-32-544","PrincipalType":"Group","RightName":"WriteDacl","IsInherited":true},{"PrincipalSID":"SECHQCORP.COM-S-1-5-32-544","PrincipalType":"Group","RightName":"WriteOwner","IsInherited":true}],"ObjectIdentifier":"F3D7CE44-F779-4492-A606-AF7AAC877EE0","IsDeleted":false,"IsACLProtected":false,"GPOChanges":{"LocalAdmins":[],"RemoteDesktopUsers":[],"DcomUsers":[],"PSRemoteUsers":[],"AffectedComputers":[]},"Properties":{"domain":"SECHQCORP.COM","name":"SERVICEACCOUNT@SECHQCORP.COM","distinguishedname":"OU=SERVICEACCOUNT,OU=INDIA-PUNE,DC=SECHQCORP,DC=COM","domainsid":"S-1-5-21-2753036698-1833876717-151524435","description":null,"whencreated":1618929511,"blocksinheritance":false}},{"Links":[],"ChildObjects":[{"ObjectIdentifier":"E606A928-D66D-4EF3-8538-DF5F8652A920","ObjectType":"OU"},{"ObjectIdentifier":"9DFCB9E3-FDBA-4B50-818D-688C9F65E7A5","ObjectType":"OU"}],"Aces":[{"PrincipalSID":"S-1-5-21-2753036698-1833876717-151524435-512","PrincipalType":"Group","RightName":"Owns","IsInherited":false},{"PrincipalSID":"S-1-5-21-2753036698-1833876717-151524435-512","PrincipalType":"Group","RightName":"GenericAll","IsInherited":false},{"PrincipalSID":"S-1-5-21-2753036698-1833876717-151524435-519","PrincipalType":"Group","RightName":"GenericAll","IsInherited":true},{"PrincipalSID":"SECHQCORP.COM-S-1-5-32-544","PrincipalType":"Group","RightName":"WriteDacl","IsInherited":true},{"PrincipalSID":"SECHQCORP.COM-S-1-5-32-544","PrincipalType":"Group","RightName":"WriteOwner","IsInherited":true}],"ObjectIdentifier":"5B46DF9F-7D9F-4E1D-B461-1D75AAC72362","IsDeleted":false,"IsACLProtected":false,"GPOChanges":{"LocalAdmins":[],"RemoteDesktopUsers":[],"DcomUsers":[],"PSRemoteUsers":[],"AffectedComputers":[]},"Properties":{"domain":"SECHQCORP.COM","name":"IT SUPPORT@SECHQCORP.COM","distinguishedname":"OU=IT SUPPORT,DC=SECHQCORP,DC=COM","domainsid":"S-1-5-21-2753036698-1833876717-151524435","description":null,"whencreated":1636382540,"blocksinheritance":false}},{"Links":[],"ChildObjects":[{"ObjectIdentifier":"S-1-5-21-2753036698-1833876717-151524435-1427","ObjectType":"Computer"},{"ObjectIdentifier":"S-1-5-21-2753036698-1833876717-151524435-1379","ObjectType":"Computer"},{"ObjectIdentifier":"S-1-5-21-2753036698-1833876717-151524435-1305","ObjectType":"Computer"},{"ObjectIdentifier":"S-1-5-21-2753036698-1833876717-151524435-1642","ObjectType":"Computer"}],"Aces":[{"PrincipalSID":"S-1-5-21-2753036698-1833876717-151524435-512","PrincipalType":"Group","RightName":"Owns","IsInherited":false},{"PrincipalSID":"S-1-5-21-2753036698-1833876717-151524435-512","PrincipalType":"Group","RightName":"GenericAll","IsInherited":false},{"PrincipalSID":"S-1-5-21-2753036698-1833876717-151524435-519","PrincipalType":"Group","RightName":"GenericAll","IsInherited":true},{"PrincipalSID":"SECHQCORP.COM-S-1-5-32-544","PrincipalType":"Group","RightName":"WriteDacl","IsInherited":true},{"PrincipalSID":"SECHQCORP.COM-S-1-5-32-544","PrincipalType":"Group","RightName":"WriteOwner","IsInherited":true}],"ObjectIdentifier":"E606A928-D66D-4EF3-8538-DF5F8652A920","IsDeleted":false,"IsACLProtected":false,"GPOChanges":{"LocalAdmins":[],"RemoteDesktopUsers":[],"DcomUsers":[],"PSRemoteUsers":[],"AffectedComputers":[]},"Properties":{"domain":"SECHQCORP.COM","name":"IT ASSETS@SECHQCORP.COM","distinguishedname":"OU=IT ASSETS,OU=IT SUPPORT,DC=SECHQCORP,DC=COM","domainsid":"S-1-5-21-2753036698-1833876717-151524435","description":null,"whencreated":1636548159,"blocksinheritance":false}},{"Links":[],"ChildObjects":[],"Aces":[{"PrincipalSID":"S-1-5-21-2753036698-1833876717-151524435-512","PrincipalType":"Group","RightName":"Owns","IsInherited":false},{"PrincipalSID":"S-1-5-21-2753036698-1833876717-151524435-512","PrincipalType":"Group","RightName":"GenericAll","IsInherited":false},{"PrincipalSID":"S-1-5-21-2753036698-1833876717-151524435-519","PrincipalType":"Group","RightName":"GenericAll","IsInherited":true},{"PrincipalSID":"SECHQCORP.COM-S-1-5-32-544","PrincipalType":"Group","RightName":"WriteDacl","IsInherited":true},{"PrincipalSID":"SECHQCORP.COM-S-1-5-32-544","PrincipalType":"Group","RightName":"WriteOwner","IsInherited":true}],"ObjectIdentifier":"651892F7-E1FA-4BE5-ABAC-F803D120682F","IsDeleted":false,"IsACLProtected":false,"GPOChanges":{"LocalAdmins":[],"RemoteDesktopUsers":[],"DcomUsers":[],"PSRemoteUsers":[],"AffectedComputers":[]},"Properties":{"domain":"SECHQCORP.COM","name":"MANAGEMENT@SECHQCORP.COM","distinguishedname":"OU=MANAGEMENT,OU=INDIA-PUNE,DC=SECHQCORP,DC=COM","domainsid":"S-1-5-21-2753036698-1833876717-151524435","description":null,"whencreated":1612433024,"blocksinheritance":false}},{"Links":[],"ChildObjects":[],"Aces":[{"PrincipalSID":"S-1-5-21-2753036698-1833876717-151524435-512","PrincipalType":"Group","RightName":"Owns","IsInherited":false},{"PrincipalSID":"S-1-5-21-2753036698-1833876717-151524435-512","PrincipalType":"Group","RightName":"GenericAll","IsInherited":false},{"PrincipalSID":"S-1-5-21-2753036698-1833876717-151524435-519","PrincipalType":"Group","RightName":"GenericAll","IsInherited":true},{"PrincipalSID":"SECHQCORP.COM-S-1-5-32-544","PrincipalType":"Group","RightName":"WriteDacl","IsInherited":true},{"PrincipalSID":"SECHQCORP.COM-S-1-5-32-544","PrincipalType":"Group","RightName":"WriteOwner","IsInherited":true}],"ObjectIdentifier":"2EF8CF8E-B12B-4391-AC6D-7D339BC87BD7","IsDeleted":false,"IsACLProtected":false,"GPOChanges":{"LocalAdmins":[],"RemoteDesktopUsers":[],"DcomUsers":[],"PSRemoteUsers":[],"AffectedComputers":[]},"Properties":{"domain":"SECHQCORP.COM","name":"CHANGE SUPPORT@SECHQCORP.COM","distinguishedname":"OU=CHANGE SUPPORT,OU=INDIA-PUNE,DC=SECHQCORP,DC=COM","domainsid":"S-1-5-21-2753036698-1833876717-151524435","description":null,"whencreated":1610611976,"blocksinheritance":false}},{"Links":[{"IsEnforced":false,"GUID":"C384B8B4-4B77-496C-A115-1DC53B70C3D6"},{"IsEnforced":true,"GUID":"29B20D27-6644-42B3-831A-82245AEA2EED"},{"IsEnforced":false,"GUID":"2FBD47AD-99C6-426B-A156-D5959C2ED43B"}],"ChildObjects":[{"ObjectIdentifier":"S-1-5-21-2753036698-1833876717-151524435-1416","ObjectType":"Computer"},{"ObjectIdentifier":"S-1-5-21-2753036698-1833876717-151524435-1310","ObjectType":"Computer"},{"ObjectIdentifier":"S-1-5-21-2753036698-1833876717-151524435-1000","ObjectType":"Computer"}],"Aces":[{"PrincipalSID":"S-1-5-21-2753036698-1833876717-151524435-512","PrincipalType":"Group","RightName":"Owns","IsInherited":false},{"PrincipalSID":"S-1-5-21-2753036698-1833876717-151524435-512","PrincipalType":"Group","RightName":"WriteDacl","IsInherited":false},{"PrincipalSID":"S-1-5-21-2753036698-1833876717-151524435-512","PrincipalType":"Group","RightName":"WriteOwner","IsInherited":false},{"PrincipalSID":"S-1-5-21-2753036698-1833876717-151524435-519","PrincipalType":"Group","RightName":"GenericAll","IsInherited":true},{"PrincipalSID":"SECHQCORP.COM-S-1-5-32-544","PrincipalType":"Group","RightName":"WriteDacl","IsInherited":true},{"PrincipalSID":"SECHQCORP.COM-S-1-5-32-544","PrincipalType":"Group","RightName":"WriteOwner","IsInherited":true}],"ObjectIdentifier":"9667C811-FADF-43CC-9D10-911E61F6A30E","IsDeleted":false,"IsACLProtected":false,"GPOChanges":{"LocalAdmins":[],"RemoteDesktopUsers":[],"DcomUsers":[],"PSRemoteUsers":[],"AffectedComputers":[]},"Properties":{"domain":"SECHQCORP.COM","name":"DOMAIN CONTROLLERS@SECHQCORP.COM","distinguishedname":"OU=DOMAIN CONTROLLERS,DC=SECHQCORP,DC=COM","domainsid":"S-1-5-21-2753036698-1833876717-151524435","description":"Default container for domain controllers","whencreated":1592811728,"blocksinheritance":false}},{"Links":[{"IsEnforced":false,"GUID":"B5969E0B-2E61-4454-9526-E57DCE8CCDF9"}],"ChildObjects":[],"Aces":[{"PrincipalSID":"S-1-5-21-2753036698-1833876717-151524435-512","PrincipalType":"Group","RightName":"Owns","IsInherited":false},{"PrincipalSID":"S-1-5-21-2753036698-1833876717-151524435-512","PrincipalType":"Group","RightName":"GenericAll","IsInherited":false},{"PrincipalSID":"S-1-5-21-2753036698-1833876717-151524435-519","PrincipalType":"Group","RightName":"GenericAll","IsInherited":true},{"PrincipalSID":"SECHQCORP.COM-S-1-5-32-544","PrincipalType":"Group","RightName":"WriteDacl","IsInherited":true},{"PrincipalSID":"SECHQCORP.COM-S-1-5-32-544","PrincipalType":"Group","RightName":"WriteOwner","IsInherited":true}],"ObjectIdentifier":"EE705FB3-9627-4E90-8D87-1CEA3FB67E0A","IsDeleted":false,"IsACLProtected":false,"GPOChanges":{"LocalAdmins":[],"RemoteDesktopUsers":[],"DcomUsers":[],"PSRemoteUsers":[],"AffectedComputers":[]},"Properties":{"domain":"SECHQCORP.COM","name":"SOC ADMIN TEAM@SECHQCORP.COM","distinguishedname":"OU=SOC ADMIN TEAM,OU=INDIA-PUNE,DC=SECHQCORP,DC=COM","domainsid":"S-1-5-21-2753036698-1833876717-151524435","description":null,"whencreated":1634295945,"blocksinheritance":false}},{"Links":[],"ChildObjects":[{"ObjectIdentifier":"S-1-5-21-2753036698-1833876717-151524435-1136","ObjectType":"User"},{"ObjectIdentifier":"S-1-5-21-2753036698-1833876717-151524435-1382","ObjectType":"User"},{"ObjectIdentifier":"S-1-5-21-2753036698-1833876717-151524435-1775","ObjectType":"User"},{"ObjectIdentifier":"S-1-5-21-2753036698-1833876717-151524435-1431","ObjectType":"User"},{"ObjectIdentifier":"S-1-5-21-2753036698-1833876717-151524435-1586","ObjectType":"User"}],"Aces":[{"PrincipalSID":"S-1-5-21-2753036698-1833876717-151524435-512","PrincipalType":"Group","RightName":"Owns","IsInherited":false},{"PrincipalSID":"S-1-5-21-2753036698-1833876717-151524435-512","PrincipalType":"Group","RightName":"GenericAll","IsInherited":false},{"PrincipalSID":"S-1-5-21-2753036698-1833876717-151524435-519","PrincipalType":"Group","RightName":"GenericAll","IsInherited":true},{"PrincipalSID":"SECHQCORP.COM-S-1-5-32-544","PrincipalType":"Group","RightName":"WriteDacl","IsInherited":true},{"PrincipalSID":"SECHQCORP.COM-S-1-5-32-544","PrincipalType":"Group","RightName":"WriteOwner","IsInherited":true}],"ObjectIdentifier":"9DFCB9E3-FDBA-4B50-818D-688C9F65E7A5","IsDeleted":false,"IsACLProtected":false,"GPOChanges":{"LocalAdmins":[],"RemoteDesktopUsers":[],"DcomUsers":[],"PSRemoteUsers":[],"AffectedComputers":[]},"Properties":{"domain":"SECHQCORP.COM","name":"IT USERS@SECHQCORP.COM","distinguishedname":"OU=IT USERS,OU=IT SUPPORT,DC=SECHQCORP,DC=COM","domainsid":"S-1-5-21-2753036698-1833876717-151524435","description":null,"whencreated":1636548198,"blocksinheritance":false}},{"Links":[{"IsEnforced":false,"GUID":"1DD4C3C4-C993-4488-AE16-FBD92AB1A572"},{"IsEnforced":false,"GUID":"32804D1E-8D0B-42DB-BA8A-F434EF1D5F84"}],"ChildObjects":[{"ObjectIdentifier":"S-1-5-21-2753036698-1833876717-151524435-1358","ObjectType":"Computer"},{"ObjectIdentifier":"S-1-5-21-2753036698-1833876717-151524435-1402","ObjectType":"Computer"},{"ObjectIdentifier":"S-1-5-21-2753036698-1833876717-151524435-1365","ObjectType":"Computer"},{"ObjectIdentifier":"S-1-5-21-2753036698-1833876717-151524435-1404","ObjectType":"Computer"},{"ObjectIdentifier":"S-1-5-21-2753036698-1833876717-151524435-1384","ObjectType":"Computer"},{"ObjectIdentifier":"S-1-5-21-2753036698-1833876717-151524435-1360","ObjectType":"Computer"},{"ObjectIdentifier":"S-1-5-21-2753036698-1833876717-151524435-1615","ObjectType":"Computer"},{"ObjectIdentifier":"S-1-5-21-2753036698-1833876717-151524435-1359","ObjectType":"Computer"},{"ObjectIdentifier":"S-1-5-21-2753036698-1833876717-151524435-1364","ObjectType":"Computer"},{"ObjectIdentifier":"S-1-5-21-2753036698-1833876717-151524435-1366","ObjectType":"Computer"},{"ObjectIdentifier":"S-1-5-21-2753036698-1833876717-151524435-1704","ObjectType":"Computer"},{"ObjectIdentifier":"S-1-5-21-2753036698-1833876717-151524435-1378","ObjectType":"Computer"},{"ObjectIdentifier":"S-1-5-21-2753036698-1833876717-151524435-1350","ObjectType":"Computer"},{"ObjectIdentifier":"S-1-5-21-2753036698-1833876717-151524435-1298","ObjectType":"Computer"},{"ObjectIdentifier":"S-1-5-21-2753036698-1833876717-151524435-1335","ObjectType":"Computer"},{"ObjectIdentifier":"S-1-5-21-2753036698-1833876717-151524435-1399","ObjectType":"Computer"},{"ObjectIdentifier":"S-1-5-21-2753036698-1833876717-151524435-1386","ObjectType":"Computer"},{"ObjectIdentifier":"S-1-5-21-2753036698-1833876717-151524435-1394","ObjectType":"Computer"},{"ObjectIdentifier":"S-1-5-21-2753036698-1833876717-151524435-1706","ObjectType":"Computer"},{"ObjectIdentifier":"S-1-5-21-2753036698-1833876717-151524435-1723","ObjectType":"Computer"},{"ObjectIdentifier":"S-1-5-21-2753036698-1833876717-151524435-1641","ObjectType":"Computer"},{"ObjectIdentifier":"S-1-5-21-2753036698-1833876717-151524435-1632","ObjectType":"Computer"},{"ObjectIdentifier":"S-1-5-21-2753036698-1833876717-151524435-1640","ObjectType":"Computer"},{"ObjectIdentifier":"S-1-5-21-2753036698-1833876717-151524435-1420","ObjectType":"Computer"},{"ObjectIdentifier":"S-1-5-21-2753036698-1833876717-151524435-1393","ObjectType":"Computer"},{"ObjectIdentifier":"S-1-5-21-2753036698-1833876717-151524435-1363","ObjectType":"Computer"},{"ObjectIdentifier":"S-1-5-21-2753036698-1833876717-151524435-1376","ObjectType":"Computer"},{"ObjectIdentifier":"S-1-5-21-2753036698-1833876717-151524435-1291","ObjectType":"Computer"},{"ObjectIdentifier":"S-1-5-21-2753036698-1833876717-151524435-1383","ObjectType":"Computer"},{"ObjectIdentifier":"S-1-5-21-2753036698-1833876717-151524435-1296","ObjectType":"Computer"},{"ObjectIdentifier":"S-1-5-21-2753036698-1833876717-151524435-1375","ObjectType":"Computer"},{"ObjectIdentifier":"S-1-5-21-2753036698-1833876717-151524435-1373","ObjectType":"Computer"},{"ObjectIdentifier":"S-1-5-21-2753036698-1833876717-151524435-1356","ObjectType":"Computer"},{"ObjectIdentifier":"S-1-5-21-2753036698-1833876717-151524435-1361","ObjectType":"Computer"},{"ObjectIdentifier":"S-1-5-21-2753036698-1833876717-151524435-1385","ObjectType":"Computer"},{"ObjectIdentifier":"S-1-5-21-2753036698-1833876717-151524435-1294","ObjectType":"Computer"},{"ObjectIdentifier":"S-1-5-21-2753036698-1833876717-151524435-1336","ObjectType":"Computer"},{"ObjectIdentifier":"S-1-5-21-2753036698-1833876717-151524435-1391","ObjectType":"Computer"},{"ObjectIdentifier":"S-1-5-21-2753036698-1833876717-151524435-1392","ObjectType":"Computer"},{"ObjectIdentifier":"S-1-5-21-2753036698-1833876717-151524435-1403","ObjectType":"Computer"},{"ObjectIdentifier":"S-1-5-21-2753036698-1833876717-151524435-1413","ObjectType":"Computer"},{"ObjectIdentifier":"S-1-5-21-2753036698-1833876717-151524435-1412","ObjectType":"Computer"},{"ObjectIdentifier":"S-1-5-21-2753036698-1833876717-151524435-1441","ObjectType":"Computer"},{"ObjectIdentifier":"S-1-5-21-2753036698-1833876717-151524435-1442","ObjectType":"Computer"},{"ObjectIdentifier":"S-1-5-21-2753036698-1833876717-151524435-1443","ObjectType":"Computer"},{"ObjectIdentifier":"S-1-5-21-2753036698-1833876717-151524435-1445","ObjectType":"Computer"},{"ObjectIdentifier":"S-1-5-21-2753036698-1833876717-151524435-1447","ObjectType":"Computer"},{"ObjectIdentifier":"S-1-5-21-2753036698-1833876717-151524435-1446","ObjectType":"Computer"},{"ObjectIdentifier":"S-1-5-21-2753036698-1833876717-151524435-1461","ObjectType":"Computer"},{"ObjectIdentifier":"S-1-5-21-2753036698-1833876717-151524435-1452","ObjectType":"Computer"},{"ObjectIdentifier":"S-1-5-21-2753036698-1833876717-151524435-1453","ObjectType":"Computer"},{"ObjectIdentifier":"S-1-5-21-2753036698-1833876717-151524435-1456","ObjectType":"Computer"},{"ObjectIdentifier":"S-1-5-21-2753036698-1833876717-151524435-1455","ObjectType":"Computer"},{"ObjectIdentifier":"S-1-5-21-2753036698-1833876717-151524435-1457","ObjectType":"Computer"},{"ObjectIdentifier":"S-1-5-21-2753036698-1833876717-151524435-1458","ObjectType":"Computer"},{"ObjectIdentifier":"S-1-5-21-2753036698-1833876717-151524435-1459","ObjectType":"Computer"},{"ObjectIdentifier":"S-1-5-21-2753036698-1833876717-151524435-1370","ObjectType":"Computer"},{"ObjectIdentifier":"S-1-5-21-2753036698-1833876717-151524435-1464","ObjectType":"Computer"},{"ObjectIdentifier":"S-1-5-21-2753036698-1833876717-151524435-1462","ObjectType":"Computer"},{"ObjectIdentifier":"S-1-5-21-2753036698-1833876717-151524435-1465","ObjectType":"Computer"},{"ObjectIdentifier":"S-1-5-21-2753036698-1833876717-151524435-1481","ObjectType":"Computer"},{"ObjectIdentifier":"S-1-5-21-2753036698-1833876717-151524435-1480","ObjectType":"Computer"},{"ObjectIdentifier":"S-1-5-21-2753036698-1833876717-151524435-1466","ObjectType":"Computer"},{"ObjectIdentifier":"S-1-5-21-2753036698-1833876717-151524435-1467","ObjectType":"Computer"},{"ObjectIdentifier":"S-1-5-21-2753036698-1833876717-151524435-1468","ObjectType":"Computer"},{"ObjectIdentifier":"S-1-5-21-2753036698-1833876717-151524435-1470","ObjectType":"Computer"},{"ObjectIdentifier":"S-1-5-21-2753036698-1833876717-151524435-1469","ObjectType":"Computer"},{"ObjectIdentifier":"S-1-5-21-2753036698-1833876717-151524435-1129","ObjectType":"Computer"},{"ObjectIdentifier":"S-1-5-21-2753036698-1833876717-151524435-1472","ObjectType":"Computer"},{"ObjectIdentifier":"S-1-5-21-2753036698-1833876717-151524435-1506","ObjectType":"Computer"},{"ObjectIdentifier":"S-1-5-21-2753036698-1833876717-151524435-1507","ObjectType":"Computer"},{"ObjectIdentifier":"S-1-5-21-2753036698-1833876717-151524435-1509","ObjectType":"Computer"},{"ObjectIdentifier":"S-1-5-21-2753036698-1833876717-151524435-1544","ObjectType":"Computer"},{"ObjectIdentifier":"S-1-5-21-2753036698-1833876717-151524435-1545","ObjectType":"Computer"},{"ObjectIdentifier":"S-1-5-21-2753036698-1833876717-151524435-1547","ObjectType":"Computer"},{"ObjectIdentifier":"S-1-5-21-2753036698-1833876717-151524435-1548","ObjectType":"Computer"},{"ObjectIdentifier":"S-1-5-21-2753036698-1833876717-151524435-1630","ObjectType":"Computer"},{"ObjectIdentifier":"S-1-5-21-2753036698-1833876717-151524435-1631","ObjectType":"Computer"},{"ObjectIdentifier":"S-1-5-21-2753036698-1833876717-151524435-1627","ObjectType":"Computer"},{"ObjectIdentifier":"S-1-5-21-2753036698-1833876717-151524435-1652","ObjectType":"Computer"},{"ObjectIdentifier":"S-1-5-21-2753036698-1833876717-151524435-1651","ObjectType":"Computer"},{"ObjectIdentifier":"S-1-5-21-2753036698-1833876717-151524435-1654","ObjectType":"Computer"},{"ObjectIdentifier":"S-1-5-21-2753036698-1833876717-151524435-1656","ObjectType":"Computer"},{"ObjectIdentifier":"S-1-5-21-2753036698-1833876717-151524435-1655","ObjectType":"Computer"},{"ObjectIdentifier":"S-1-5-21-2753036698-1833876717-151524435-1711","ObjectType":"Computer"},{"ObjectIdentifier":"S-1-5-21-2753036698-1833876717-151524435-1705","ObjectType":"Computer"},{"ObjectIdentifier":"S-1-5-21-2753036698-1833876717-151524435-1703","ObjectType":"Computer"},{"ObjectIdentifier":"S-1-5-21-2753036698-1833876717-151524435-1714","ObjectType":"Computer"},{"ObjectIdentifier":"S-1-5-21-2753036698-1833876717-151524435-1715","ObjectType":"Computer"},{"ObjectIdentifier":"S-1-5-21-2753036698-1833876717-151524435-1712","ObjectType":"Computer"},{"ObjectIdentifier":"S-1-5-21-2753036698-1833876717-151524435-1713","ObjectType":"Computer"},{"ObjectIdentifier":"S-1-5-21-2753036698-1833876717-151524435-1716","ObjectType":"Computer"},{"ObjectIdentifier":"S-1-5-21-2753036698-1833876717-151524435-1717","ObjectType":"Computer"},{"ObjectIdentifier":"S-1-5-21-2753036698-1833876717-151524435-1718","ObjectType":"Computer"},{"ObjectIdentifier":"S-1-5-21-2753036698-1833876717-151524435-1731","ObjectType":"Computer"},{"ObjectIdentifier":"S-1-5-21-2753036698-1833876717-151524435-1732","ObjectType":"Computer"},{"ObjectIdentifier":"S-1-5-21-2753036698-1833876717-151524435-1733","ObjectType":"Computer"},{"ObjectIdentifier":"S-1-5-21-2753036698-1833876717-151524435-1734","ObjectType":"Computer"},{"ObjectIdentifier":"S-1-5-21-2753036698-1833876717-151524435-1735","ObjectType":"Computer"},{"ObjectIdentifier":"S-1-5-21-2753036698-1833876717-151524435-1743","ObjectType":"Computer"},{"ObjectIdentifier":"S-1-5-21-2753036698-1833876717-151524435-1744","ObjectType":"Computer"},{"ObjectIdentifier":"S-1-5-21-2753036698-1833876717-151524435-1745","ObjectType":"Computer"},{"ObjectIdentifier":"S-1-5-21-2753036698-1833876717-151524435-1747","ObjectType":"Computer"},{"ObjectIdentifier":"S-1-5-21-2753036698-1833876717-151524435-1746","ObjectType":"Computer"},{"ObjectIdentifier":"S-1-5-21-2753036698-1833876717-151524435-1748","ObjectType":"Computer"},{"ObjectIdentifier":"S-1-5-21-2753036698-1833876717-151524435-1749","ObjectType":"Computer"},{"ObjectIdentifier":"S-1-5-21-2753036698-1833876717-151524435-1750","ObjectType":"Computer"},{"ObjectIdentifier":"S-1-5-21-2753036698-1833876717-151524435-1752","ObjectType":"Computer"},{"ObjectIdentifier":"S-1-5-21-2753036698-1833876717-151524435-1753","ObjectType":"Computer"},{"ObjectIdentifier":"S-1-5-21-2753036698-1833876717-151524435-1757","ObjectType":"Computer"},{"ObjectIdentifier":"S-1-5-21-2753036698-1833876717-151524435-1762","ObjectType":"Computer"},{"ObjectIdentifier":"S-1-5-21-2753036698-1833876717-151524435-1758","ObjectType":"Computer"},{"ObjectIdentifier":"S-1-5-21-2753036698-1833876717-151524435-1759","ObjectType":"Computer"},{"ObjectIdentifier":"S-1-5-21-2753036698-1833876717-151524435-1760","ObjectType":"Computer"},{"ObjectIdentifier":"S-1-5-21-2753036698-1833876717-151524435-1761","ObjectType":"Computer"},{"ObjectIdentifier":"S-1-5-21-2753036698-1833876717-151524435-1653","ObjectType":"Computer"},{"ObjectIdentifier":"S-1-5-21-2753036698-1833876717-151524435-1638","ObjectType":"Computer"},{"ObjectIdentifier":"S-1-5-21-2753036698-1833876717-151524435-1614","ObjectType":"Computer"},{"ObjectIdentifier":"S-1-5-21-2753036698-1833876717-151524435-1626","ObjectType":"Computer"},{"ObjectIdentifier":"S-1-5-21-2753036698-1833876717-151524435-1635","ObjectType":"Computer"},{"ObjectIdentifier":"S-1-5-21-2753036698-1833876717-151524435-1633","ObjectType":"Computer"},{"ObjectIdentifier":"S-1-5-21-2753036698-1833876717-151524435-1407","ObjectType":"Computer"},{"ObjectIdentifier":"S-1-5-21-2753036698-1833876717-151524435-1634","ObjectType":"Computer"},{"ObjectIdentifier":"S-1-5-21-2753036698-1833876717-151524435-1295","ObjectType":"Computer"},{"ObjectIdentifier":"S-1-5-21-2753036698-1833876717-151524435-1135","ObjectType":"Computer"},{"ObjectIdentifier":"S-1-5-21-2753036698-1833876717-151524435-1567","ObjectType":"Computer"},{"ObjectIdentifier":"S-1-5-21-2753036698-1833876717-151524435-1342","ObjectType":"Computer"},{"ObjectIdentifier":"S-1-5-21-2753036698-1833876717-151524435-1341","ObjectType":"Computer"},{"ObjectIdentifier":"S-1-5-21-2753036698-1833876717-151524435-1353","ObjectType":"Computer"},{"ObjectIdentifier":"S-1-5-21-2753036698-1833876717-151524435-1339","ObjectType":"Computer"},{"ObjectIdentifier":"S-1-5-21-2753036698-1833876717-151524435-1337","ObjectType":"Computer"},{"ObjectIdentifier":"S-1-5-21-2753036698-1833876717-151524435-1289","ObjectType":"Computer"},{"ObjectIdentifier":"S-1-5-21-2753036698-1833876717-151524435-1348","ObjectType":"Computer"},{"ObjectIdentifier":"S-1-5-21-2753036698-1833876717-151524435-1355","ObjectType":"Computer"},{"ObjectIdentifier":"S-1-5-21-2753036698-1833876717-151524435-1340","ObjectType":"Computer"},{"ObjectIdentifier":"S-1-5-21-2753036698-1833876717-151524435-1421","ObjectType":"Computer"},{"ObjectIdentifier":"S-1-5-21-2753036698-1833876717-151524435-1313","ObjectType":"Computer"},{"ObjectIdentifier":"S-1-5-21-2753036698-1833876717-151524435-1349","ObjectType":"Computer"},{"ObjectIdentifier":"S-1-5-21-2753036698-1833876717-151524435-1343","ObjectType":"Computer"},{"ObjectIdentifier":"S-1-5-21-2753036698-1833876717-151524435-1344","ObjectType":"Computer"},{"ObjectIdentifier":"S-1-5-21-2753036698-1833876717-151524435-1345","ObjectType":"Computer"},{"ObjectIdentifier":"S-1-5-21-2753036698-1833876717-151524435-1338","ObjectType":"Computer"},{"ObjectIdentifier":"S-1-5-21-2753036698-1833876717-151524435-1352","ObjectType":"Computer"},{"ObjectIdentifier":"S-1-5-21-2753036698-1833876717-151524435-1406","ObjectType":"Computer"},{"ObjectIdentifier":"S-1-5-21-2753036698-1833876717-151524435-1346","ObjectType":"Computer"},{"ObjectIdentifier":"S-1-5-21-2753036698-1833876717-151524435-1351","ObjectType":"Computer"}],"Aces":[{"PrincipalSID":"S-1-5-21-2753036698-1833876717-151524435-512","PrincipalType":"Group","RightName":"Owns","IsInherited":false},{"PrincipalSID":"S-1-5-21-2753036698-1833876717-151524435-512","PrincipalType":"Group","RightName":"GenericAll","IsInherited":false},{"PrincipalSID":"S-1-5-21-2753036698-1833876717-151524435-519","PrincipalType":"Group","RightName":"GenericAll","IsInherited":true},{"PrincipalSID":"SECHQCORP.COM-S-1-5-32-544","PrincipalType":"Group","RightName":"WriteDacl","IsInherited":true},{"PrincipalSID":"SECHQCORP.COM-S-1-5-32-544","PrincipalType":"Group","RightName":"WriteOwner","IsInherited":true}],"ObjectIdentifier":"0E3C6688-A212-42EC-A36B-EF3B6413F25A","IsDeleted":false,"IsACLProtected":false,"GPOChanges":{"LocalAdmins":[],"RemoteDesktopUsers":[],"DcomUsers":[],"PSRemoteUsers":[],"AffectedComputers":[]},"Properties":{"domain":"SECHQCORP.COM","name":"COMPUTERS@SECHQCORP.COM","distinguishedname":"OU=COMPUTERS,OU=INDIA-PUNE,DC=SECHQCORP,DC=COM","domainsid":"S-1-5-21-2753036698-1833876717-151524435","description":null,"whencreated":1598531351,"blocksinheritance":false}},{"Links":[{"IsEnforced":true,"GUID":"9861458E-BCA3-40CB-B774-7DB51DE78070"},{"IsEnforced":false,"GUID":"8AC9D4B0-C176-49EE-A7FE-312F3EE82D95"},{"IsEnforced":false,"GUID":"1C99166D-CF04-490C-9038-11E02455EFF2"}],"ChildObjects":[{"ObjectIdentifier":"S-1-5-21-2753036698-1833876717-151524435-1451","ObjectType":"User"},{"ObjectIdentifier":"S-1-5-21-2753036698-1833876717-151524435-1147","ObjectType":"User"},{"ObjectIdentifier":"S-1-5-21-2753036698-1833876717-151524435-1584","ObjectType":"User"},{"ObjectIdentifier":"S-1-5-21-2753036698-1833876717-151524435-1148","ObjectType":"User"},{"ObjectIdentifier":"S-1-5-21-2753036698-1833876717-151524435-1149","ObjectType":"User"},{"ObjectIdentifier":"S-1-5-21-2753036698-1833876717-151524435-1671","ObjectType":"User"},{"ObjectIdentifier":"S-1-5-21-2753036698-1833876717-151524435-1593","ObjectType":"User"},{"ObjectIdentifier":"S-1-5-21-2753036698-1833876717-151524435-1398","ObjectType":"User"},{"ObjectIdentifier":"S-1-5-21-2753036698-1833876717-151524435-1150","ObjectType":"User"},{"ObjectIdentifier":"S-1-5-21-2753036698-1833876717-151524435-1260","ObjectType":"User"},{"ObjectIdentifier":"S-1-5-21-2753036698-1833876717-151524435-1618","ObjectType":"User"},{"ObjectIdentifier":"S-1-5-21-2753036698-1833876717-151524435-1162","ObjectType":"User"},{"ObjectIdentifier":"S-1-5-21-2753036698-1833876717-151524435-1434","ObjectType":"User"},{"ObjectIdentifier":"S-1-5-21-2753036698-1833876717-151524435-1163","ObjectType":"User"},{"ObjectIdentifier":"S-1-5-21-2753036698-1833876717-151524435-1685","ObjectType":"User"},{"ObjectIdentifier":"S-1-5-21-2753036698-1833876717-151524435-1164","ObjectType":"User"},{"ObjectIdentifier":"S-1-5-21-2753036698-1833876717-151524435-1165","ObjectType":"User"},{"ObjectIdentifier":"S-1-5-21-2753036698-1833876717-151524435-1372","ObjectType":"User"},{"ObjectIdentifier":"S-1-5-21-2753036698-1833876717-151524435-1781","ObjectType":"User"},{"ObjectIdentifier":"S-1-5-21-2753036698-1833876717-151524435-1166","ObjectType":"User"},{"ObjectIdentifier":"S-1-5-21-2753036698-1833876717-151524435-1167","ObjectType":"User"},{"ObjectIdentifier":"S-1-5-21-2753036698-1833876717-151524435-1367","ObjectType":"User"},{"ObjectIdentifier":"S-1-5-21-2753036698-1833876717-151524435-1510","ObjectType":"User"},{"ObjectIdentifier":"S-1-5-21-2753036698-1833876717-151524435-1168","ObjectType":"User"},{"ObjectIdentifier":"S-1-5-21-2753036698-1833876717-151524435-1678","ObjectType":"User"},{"ObjectIdentifier":"S-1-5-21-2753036698-1833876717-151524435-1424","ObjectType":"User"},{"ObjectIdentifier":"S-1-5-21-2753036698-1833876717-151524435-1628","ObjectType":"User"},{"ObjectIdentifier":"S-1-5-21-2753036698-1833876717-151524435-1169","ObjectType":"User"},{"ObjectIdentifier":"S-1-5-21-2753036698-1833876717-151524435-1170","ObjectType":"User"},{"ObjectIdentifier":"S-1-5-21-2753036698-1833876717-151524435-1171","ObjectType":"User"},{"ObjectIdentifier":"S-1-5-21-2753036698-1833876717-151524435-1172","ObjectType":"User"},{"ObjectIdentifier":"S-1-5-21-2753036698-1833876717-151524435-1649","ObjectType":"User"},{"ObjectIdentifier":"S-1-5-21-2753036698-1833876717-151524435-1173","ObjectType":"User"},{"ObjectIdentifier":"S-1-5-21-2753036698-1833876717-151524435-1174","ObjectType":"User"},{"ObjectIdentifier":"S-1-5-21-2753036698-1833876717-151524435-1607","ObjectType":"User"},{"ObjectIdentifier":"S-1-5-21-2753036698-1833876717-151524435-1433","ObjectType":"User"},{"ObjectIdentifier":"S-1-5-21-2753036698-1833876717-151524435-1773","ObjectType":"User"},{"ObjectIdentifier":"S-1-5-21-2753036698-1833876717-151524435-1175","ObjectType":"User"},{"ObjectIdentifier":"S-1-5-21-2753036698-1833876717-151524435-1130","ObjectType":"User"},{"ObjectIdentifier":"S-1-5-21-2753036698-1833876717-151524435-1417","ObjectType":"User"},{"ObjectIdentifier":"S-1-5-21-2753036698-1833876717-151524435-1726","ObjectType":"User"},{"ObjectIdentifier":"S-1-5-21-2753036698-1833876717-151524435-1306","ObjectType":"User"},{"ObjectIdentifier":"S-1-5-21-2753036698-1833876717-151524435-1380","ObjectType":"User"},{"ObjectIdentifier":"S-1-5-21-2753036698-1833876717-151524435-1176","ObjectType":"User"},{"ObjectIdentifier":"S-1-5-21-2753036698-1833876717-151524435-1409","ObjectType":"User"},{"ObjectIdentifier":"S-1-5-21-2753036698-1833876717-151524435-1177","ObjectType":"User"},{"ObjectIdentifier":"S-1-5-21-2753036698-1833876717-151524435-1178","ObjectType":"User"},{"ObjectIdentifier":"S-1-5-21-2753036698-1833876717-151524435-1395","ObjectType":"User"},{"ObjectIdentifier":"S-1-5-21-2753036698-1833876717-151524435-1261","ObjectType":"User"},{"ObjectIdentifier":"S-1-5-21-2753036698-1833876717-151524435-1426","ObjectType":"User"},{"ObjectIdentifier":"S-1-5-21-2753036698-1833876717-151524435-1215","ObjectType":"User"},{"ObjectIdentifier":"S-1-5-21-2753036698-1833876717-151524435-1566","ObjectType":"User"},{"ObjectIdentifier":"S-1-5-21-2753036698-1833876717-151524435-1179","ObjectType":"User"},{"ObjectIdentifier":"S-1-5-21-2753036698-1833876717-151524435-1648","ObjectType":"User"},{"ObjectIdentifier":"S-1-5-21-2753036698-1833876717-151524435-1578","ObjectType":"User"},{"ObjectIdentifier":"S-1-5-21-2753036698-1833876717-151524435-1180","ObjectType":"User"},{"ObjectIdentifier":"S-1-5-21-2753036698-1833876717-151524435-1619","ObjectType":"User"},{"ObjectIdentifier":"S-1-5-21-2753036698-1833876717-151524435-1689","ObjectType":"User"},{"ObjectIdentifier":"S-1-5-21-2753036698-1833876717-151524435-1691","ObjectType":"User"},{"ObjectIdentifier":"S-1-5-21-2753036698-1833876717-151524435-1728","ObjectType":"User"},{"ObjectIdentifier":"S-1-5-21-2753036698-1833876717-151524435-1597","ObjectType":"User"},{"ObjectIdentifier":"S-1-5-21-2753036698-1833876717-151524435-1505","ObjectType":"User"},{"ObjectIdentifier":"S-1-5-21-2753036698-1833876717-151524435-1389","ObjectType":"User"},{"ObjectIdentifier":"S-1-5-21-2753036698-1833876717-151524435-1529","ObjectType":"User"},{"ObjectIdentifier":"S-1-5-21-2753036698-1833876717-151524435-1320","ObjectType":"Group"},{"ObjectIdentifier":"S-1-5-21-2753036698-1833876717-151524435-1779","ObjectType":"User"},{"ObjectIdentifier":"S-1-5-21-2753036698-1833876717-151524435-1568","ObjectType":"User"},{"ObjectIdentifier":"S-1-5-21-2753036698-1833876717-151524435-1617","ObjectType":"User"},{"ObjectIdentifier":"S-1-5-21-2753036698-1833876717-151524435-1278","ObjectType":"User"},{"ObjectIdentifier":"S-1-5-21-2753036698-1833876717-151524435-1563","ObjectType":"User"},{"ObjectIdentifier":"S-1-5-21-2753036698-1833876717-151524435-1765","ObjectType":"User"},{"ObjectIdentifier":"S-1-5-21-2753036698-1833876717-151524435-1600","ObjectType":"User"},{"ObjectIdentifier":"S-1-5-21-2753036698-1833876717-151524435-1565","ObjectType":"User"},{"ObjectIdentifier":"S-1-5-21-2753036698-1833876717-151524435-1182","ObjectType":"User"},{"ObjectIdentifier":"S-1-5-21-2753036698-1833876717-151524435-1561","ObjectType":"User"},{"ObjectIdentifier":"S-1-5-21-2753036698-1833876717-151524435-1369","ObjectType":"User"},{"ObjectIdentifier":"S-1-5-21-2753036698-1833876717-151524435-1739","ObjectType":"User"},{"ObjectIdentifier":"S-1-5-21-2753036698-1833876717-151524435-1400","ObjectType":"User"},{"ObjectIdentifier":"S-1-5-21-2753036698-1833876717-151524435-1396","ObjectType":"User"},{"ObjectIdentifier":"S-1-5-21-2753036698-1833876717-151524435-1282","ObjectType":"User"},{"ObjectIdentifier":"S-1-5-21-2753036698-1833876717-151524435-1184","ObjectType":"User"},{"ObjectIdentifier":"S-1-5-21-2753036698-1833876717-151524435-1676","ObjectType":"User"},{"ObjectIdentifier":"S-1-5-21-2753036698-1833876717-151524435-1405","ObjectType":"User"},{"ObjectIdentifier":"S-1-5-21-2753036698-1833876717-151524435-1387","ObjectType":"User"},{"ObjectIdentifier":"S-1-5-21-2753036698-1833876717-151524435-1321","ObjectType":"Group"},{"ObjectIdentifier":"S-1-5-21-2753036698-1833876717-151524435-1439","ObjectType":"User"},{"ObjectIdentifier":"S-1-5-21-2753036698-1833876717-151524435-1650","ObjectType":"User"},{"ObjectIdentifier":"S-1-5-21-2753036698-1833876717-151524435-1185","ObjectType":"User"},{"ObjectIdentifier":"S-1-5-21-2753036698-1833876717-151524435-1774","ObjectType":"User"},{"ObjectIdentifier":"S-1-5-21-2753036698-1833876717-151524435-1186","ObjectType":"User"},{"ObjectIdentifier":"S-1-5-21-2753036698-1833876717-151524435-1322","ObjectType":"Group"},{"ObjectIdentifier":"S-1-5-21-2753036698-1833876717-151524435-1528","ObjectType":"Group"},{"ObjectIdentifier":"S-1-5-21-2753036698-1833876717-151524435-1397","ObjectType":"User"},{"ObjectIdentifier":"S-1-5-21-2753036698-1833876717-151524435-1668","ObjectType":"User"},{"ObjectIdentifier":"S-1-5-21-2753036698-1833876717-151524435-1430","ObjectType":"User"},{"ObjectIdentifier":"S-1-5-21-2753036698-1833876717-151524435-1710","ObjectType":"User"},{"ObjectIdentifier":"S-1-5-21-2753036698-1833876717-151524435-1560","ObjectType":"User"},{"ObjectIdentifier":"S-1-5-21-2753036698-1833876717-151524435-1677","ObjectType":"User"},{"ObjectIdentifier":"S-1-5-21-2753036698-1833876717-151524435-1187","ObjectType":"User"},{"ObjectIdentifier":"S-1-5-21-2753036698-1833876717-151524435-1188","ObjectType":"User"},{"ObjectIdentifier":"S-1-5-21-2753036698-1833876717-151524435-1616","ObjectType":"User"},{"ObjectIdentifier":"S-1-5-21-2753036698-1833876717-151524435-1189","ObjectType":"User"},{"ObjectIdentifier":"S-1-5-21-2753036698-1833876717-151524435-1190","ObjectType":"User"},{"ObjectIdentifier":"S-1-5-21-2753036698-1833876717-151524435-1191","ObjectType":"User"},{"ObjectIdentifier":"S-1-5-21-2753036698-1833876717-151524435-1592","ObjectType":"User"},{"ObjectIdentifier":"S-1-5-21-2753036698-1833876717-151524435-1192","ObjectType":"User"},{"ObjectIdentifier":"S-1-5-21-2753036698-1833876717-151524435-1483","ObjectType":"User"},{"ObjectIdentifier":"S-1-5-21-2753036698-1833876717-151524435-1564","ObjectType":"User"},{"ObjectIdentifier":"S-1-5-21-2753036698-1833876717-151524435-1558","ObjectType":"User"},{"ObjectIdentifier":"S-1-5-21-2753036698-1833876717-151524435-1368","ObjectType":"User"},{"ObjectIdentifier":"S-1-5-21-2753036698-1833876717-151524435-1193","ObjectType":"User"},{"ObjectIdentifier":"S-1-5-21-2753036698-1833876717-151524435-1323","ObjectType":"Group"},{"ObjectIdentifier":"S-1-5-21-2753036698-1833876717-151524435-1324","ObjectType":"Group"},{"ObjectIdentifier":"S-1-5-21-2753036698-1833876717-151524435-1569","ObjectType":"User"},{"ObjectIdentifier":"S-1-5-21-2753036698-1833876717-151524435-1587","ObjectType":"User"},{"ObjectIdentifier":"S-1-5-21-2753036698-1833876717-151524435-1194","ObjectType":"User"},{"ObjectIdentifier":"S-1-5-21-2753036698-1833876717-151524435-1195","ObjectType":"User"},{"ObjectIdentifier":"S-1-5-21-2753036698-1833876717-151524435-1196","ObjectType":"User"},{"ObjectIdentifier":"S-1-5-21-2753036698-1833876717-151524435-1197","ObjectType":"User"},{"ObjectIdentifier":"S-1-5-21-2753036698-1833876717-151524435-1198","ObjectType":"User"},{"ObjectIdentifier":"S-1-5-21-2753036698-1833876717-151524435-1425","ObjectType":"User"},{"ObjectIdentifier":"S-1-5-21-2753036698-1833876717-151524435-1778","ObjectType":"User"},{"ObjectIdentifier":"S-1-5-21-2753036698-1833876717-151524435-1675","ObjectType":"User"},{"ObjectIdentifier":"S-1-5-21-2753036698-1833876717-151524435-1776","ObjectType":"User"},{"ObjectIdentifier":"S-1-5-21-2753036698-1833876717-151524435-1199","ObjectType":"User"},{"ObjectIdentifier":"S-1-5-21-2753036698-1833876717-151524435-1429","ObjectType":"User"},{"ObjectIdentifier":"S-1-5-21-2753036698-1833876717-151524435-1371","ObjectType":"User"},{"ObjectIdentifier":"S-1-5-21-2753036698-1833876717-151524435-1200","ObjectType":"User"},{"ObjectIdentifier":"S-1-5-21-2753036698-1833876717-151524435-1201","ObjectType":"User"},{"ObjectIdentifier":"S-1-5-21-2753036698-1833876717-151524435-1693","ObjectType":"User"},{"ObjectIdentifier":"S-1-5-21-2753036698-1833876717-151524435-1538","ObjectType":"User"},{"ObjectIdentifier":"S-1-5-21-2753036698-1833876717-151524435-1331","ObjectType":"User"},{"ObjectIdentifier":"S-1-5-21-2753036698-1833876717-151524435-1332","ObjectType":"User"},{"ObjectIdentifier":"S-1-5-21-2753036698-1833876717-151524435-1460","ObjectType":"User"},{"ObjectIdentifier":"S-1-5-21-2753036698-1833876717-151524435-1202","ObjectType":"User"},{"ObjectIdentifier":"S-1-5-21-2753036698-1833876717-151524435-1686","ObjectType":"User"},{"ObjectIdentifier":"S-1-5-21-2753036698-1833876717-151524435-1203","ObjectType":"User"},{"ObjectIdentifier":"S-1-5-21-2753036698-1833876717-151524435-1666","ObjectType":"User"},{"ObjectIdentifier":"S-1-5-21-2753036698-1833876717-151524435-1204","ObjectType":"User"},{"ObjectIdentifier":"S-1-5-21-2753036698-1833876717-151524435-1667","ObjectType":"User"},{"ObjectIdentifier":"S-1-5-21-2753036698-1833876717-151524435-1624","ObjectType":"User"},{"ObjectIdentifier":"S-1-5-21-2753036698-1833876717-151524435-1206","ObjectType":"User"},{"ObjectIdentifier":"S-1-5-21-2753036698-1833876717-151524435-1771","ObjectType":"User"},{"ObjectIdentifier":"S-1-5-21-2753036698-1833876717-151524435-1207","ObjectType":"User"},{"ObjectIdentifier":"S-1-5-21-2753036698-1833876717-151524435-1208","ObjectType":"User"},{"ObjectIdentifier":"S-1-5-21-2753036698-1833876717-151524435-1209","ObjectType":"User"},{"ObjectIdentifier":"S-1-5-21-2753036698-1833876717-151524435-1210","ObjectType":"User"},{"ObjectIdentifier":"S-1-5-21-2753036698-1833876717-151524435-1211","ObjectType":"User"},{"ObjectIdentifier":"S-1-5-21-2753036698-1833876717-151524435-1643","ObjectType":"User"},{"ObjectIdentifier":"S-1-5-21-2753036698-1833876717-151524435-1570","ObjectType":"User"},{"ObjectIdentifier":"S-1-5-21-2753036698-1833876717-151524435-1277","ObjectType":"User"},{"ObjectIdentifier":"S-1-5-21-2753036698-1833876717-151524435-1132","ObjectType":"User"},{"ObjectIdentifier":"S-1-5-21-2753036698-1833876717-151524435-1580","ObjectType":"User"},{"ObjectIdentifier":"S-1-5-21-2753036698-1833876717-151524435-1213","ObjectType":"User"},{"ObjectIdentifier":"S-1-5-21-2753036698-1833876717-151524435-1599","ObjectType":"User"},{"ObjectIdentifier":"S-1-5-21-2753036698-1833876717-151524435-1214","ObjectType":"User"},{"ObjectIdentifier":"S-1-5-21-2753036698-1833876717-151524435-1216","ObjectType":"User"},{"ObjectIdentifier":"S-1-5-21-2753036698-1833876717-151524435-1217","ObjectType":"User"},{"ObjectIdentifier":"S-1-5-21-2753036698-1833876717-151524435-1620","ObjectType":"User"},{"ObjectIdentifier":"S-1-5-21-2753036698-1833876717-151524435-1325","ObjectType":"Group"},{"ObjectIdentifier":"S-1-5-21-2753036698-1833876717-151524435-1218","ObjectType":"User"},{"ObjectIdentifier":"S-1-5-21-2753036698-1833876717-151524435-1629","ObjectType":"User"},{"ObjectIdentifier":"S-1-5-21-2753036698-1833876717-151524435-1220","ObjectType":"User"},{"ObjectIdentifier":"S-1-5-21-2753036698-1833876717-151524435-1576","ObjectType":"User"},{"ObjectIdentifier":"S-1-5-21-2753036698-1833876717-151524435-1221","ObjectType":"User"},{"ObjectIdentifier":"S-1-5-21-2753036698-1833876717-151524435-1297","ObjectType":"User"},{"ObjectIdentifier":"S-1-5-21-2753036698-1833876717-151524435-1222","ObjectType":"User"},{"ObjectIdentifier":"S-1-5-21-2753036698-1833876717-151524435-1541","ObjectType":"User"},{"ObjectIdentifier":"S-1-5-21-2753036698-1833876717-151524435-1604","ObjectType":"User"},{"ObjectIdentifier":"S-1-5-21-2753036698-1833876717-151524435-1223","ObjectType":"User"},{"ObjectIdentifier":"S-1-5-21-2753036698-1833876717-151524435-1573","ObjectType":"User"},{"ObjectIdentifier":"S-1-5-21-2753036698-1833876717-151524435-1224","ObjectType":"User"},{"ObjectIdentifier":"S-1-5-21-2753036698-1833876717-151524435-1390","ObjectType":"User"},{"ObjectIdentifier":"S-1-5-21-2753036698-1833876717-151524435-1275","ObjectType":"User"},{"ObjectIdentifier":"S-1-5-21-2753036698-1833876717-151524435-1440","ObjectType":"User"},{"ObjectIdentifier":"S-1-5-21-2753036698-1833876717-151524435-1225","ObjectType":"User"},{"ObjectIdentifier":"S-1-5-21-2753036698-1833876717-151524435-1636","ObjectType":"User"},{"ObjectIdentifier":"S-1-5-21-2753036698-1833876717-151524435-1679","ObjectType":"User"},{"ObjectIdentifier":"S-1-5-21-2753036698-1833876717-151524435-1226","ObjectType":"User"},{"ObjectIdentifier":"S-1-5-21-2753036698-1833876717-151524435-1438","ObjectType":"User"},{"ObjectIdentifier":"S-1-5-21-2753036698-1833876717-151524435-1588","ObjectType":"Group"},{"ObjectIdentifier":"S-1-5-21-2753036698-1833876717-151524435-1326","ObjectType":"Group"},{"ObjectIdentifier":"S-1-5-21-2753036698-1833876717-151524435-1520","ObjectType":"Group"},{"ObjectIdentifier":"S-1-5-21-2753036698-1833876717-151524435-1612","ObjectType":"Group"},{"ObjectIdentifier":"S-1-5-21-2753036698-1833876717-151524435-1519","ObjectType":"Group"},{"ObjectIdentifier":"S-1-5-21-2753036698-1833876717-151524435-1613","ObjectType":"Group"},{"ObjectIdentifier":"S-1-5-21-2753036698-1833876717-151524435-1517","ObjectType":"Group"},{"ObjectIdentifier":"S-1-5-21-2753036698-1833876717-151524435-1518","ObjectType":"Group"},{"ObjectIdentifier":"S-1-5-21-2753036698-1833876717-151524435-1625","ObjectType":"User"},{"ObjectIdentifier":"S-1-5-21-2753036698-1833876717-151524435-1227","ObjectType":"User"},{"ObjectIdentifier":"S-1-5-21-2753036698-1833876717-151524435-1606","ObjectType":"User"},{"ObjectIdentifier":"S-1-5-21-2753036698-1833876717-151524435-1228","ObjectType":"User"},{"ObjectIdentifier":"S-1-5-21-2753036698-1833876717-151524435-1525","ObjectType":"User"},{"ObjectIdentifier":"S-1-5-21-2753036698-1833876717-151524435-1287","ObjectType":"User"},{"ObjectIdentifier":"S-1-5-21-2753036698-1833876717-151524435-1257","ObjectType":"User"},{"ObjectIdentifier":"S-1-5-21-2753036698-1833876717-151524435-1230","ObjectType":"User"},{"ObjectIdentifier":"S-1-5-21-2753036698-1833876717-151524435-1698","ObjectType":"User"},{"ObjectIdentifier":"S-1-5-21-2753036698-1833876717-151524435-1258","ObjectType":"User"},{"ObjectIdentifier":"S-1-5-21-2753036698-1833876717-151524435-1609","ObjectType":"User"},{"ObjectIdentifier":"S-1-5-21-2753036698-1833876717-151524435-1435","ObjectType":"User"},{"ObjectIdentifier":"S-1-5-21-2753036698-1833876717-151524435-1436","ObjectType":"User"},{"ObjectIdentifier":"S-1-5-21-2753036698-1833876717-151524435-1327","ObjectType":"Group"},{"ObjectIdentifier":"S-1-5-21-2753036698-1833876717-151524435-1330","ObjectType":"User"},{"ObjectIdentifier":"S-1-5-21-2753036698-1833876717-151524435-1780","ObjectType":"User"},{"ObjectIdentifier":"S-1-5-21-2753036698-1833876717-151524435-1231","ObjectType":"User"},{"ObjectIdentifier":"S-1-5-21-2753036698-1833876717-151524435-1232","ObjectType":"User"},{"ObjectIdentifier":"S-1-5-21-2753036698-1833876717-151524435-1233","ObjectType":"User"},{"ObjectIdentifier":"S-1-5-21-2753036698-1833876717-151524435-1234","ObjectType":"User"},{"ObjectIdentifier":"S-1-5-21-2753036698-1833876717-151524435-1574","ObjectType":"User"},{"ObjectIdentifier":"S-1-5-21-2753036698-1833876717-151524435-1513","ObjectType":"User"},{"ObjectIdentifier":"S-1-5-21-2753036698-1833876717-151524435-1602","ObjectType":"User"},{"ObjectIdentifier":"S-1-5-21-2753036698-1833876717-151524435-1401","ObjectType":"User"},{"ObjectIdentifier":"S-1-5-21-2753036698-1833876717-151524435-1582","ObjectType":"User"},{"ObjectIdentifier":"S-1-5-21-2753036698-1833876717-151524435-1362","ObjectType":"User"},{"ObjectIdentifier":"S-1-5-21-2753036698-1833876717-151524435-1235","ObjectType":"User"},{"ObjectIdentifier":"S-1-5-21-2753036698-1833876717-151524435-1236","ObjectType":"User"},{"ObjectIdentifier":"S-1-5-21-2753036698-1833876717-151524435-1374","ObjectType":"User"},{"ObjectIdentifier":"S-1-5-21-2753036698-1833876717-151524435-1237","ObjectType":"User"},{"ObjectIdentifier":"S-1-5-21-2753036698-1833876717-151524435-1238","ObjectType":"User"},{"ObjectIdentifier":"S-1-5-21-2753036698-1833876717-151524435-1729","ObjectType":"User"},{"ObjectIdentifier":"S-1-5-21-2753036698-1833876717-151524435-1239","ObjectType":"User"},{"ObjectIdentifier":"S-1-5-21-2753036698-1833876717-151524435-1524","ObjectType":"User"},{"ObjectIdentifier":"S-1-5-21-2753036698-1833876717-151524435-1665","ObjectType":"User"},{"ObjectIdentifier":"S-1-5-21-2753036698-1833876717-151524435-1512","ObjectType":"User"},{"ObjectIdentifier":"S-1-5-21-2753036698-1833876717-151524435-1240","ObjectType":"User"},{"ObjectIdentifier":"S-1-5-21-2753036698-1833876717-151524435-1241","ObjectType":"User"},{"ObjectIdentifier":"S-1-5-21-2753036698-1833876717-151524435-1598","ObjectType":"User"},{"ObjectIdentifier":"S-1-5-21-2753036698-1833876717-151524435-1724","ObjectType":"User"},{"ObjectIdentifier":"S-1-5-21-2753036698-1833876717-151524435-1645","ObjectType":"User"},{"ObjectIdentifier":"S-1-5-21-2753036698-1833876717-151524435-1454","ObjectType":"User"},{"ObjectIdentifier":"S-1-5-21-2753036698-1833876717-151524435-1694","ObjectType":"User"},{"ObjectIdentifier":"S-1-5-21-2753036698-1833876717-151524435-1767","ObjectType":"User"},{"ObjectIdentifier":"S-1-5-21-2753036698-1833876717-151524435-1243","ObjectType":"User"},{"ObjectIdentifier":"S-1-5-21-2753036698-1833876717-151524435-1244","ObjectType":"User"},{"ObjectIdentifier":"S-1-5-21-2753036698-1833876717-151524435-1740","ObjectType":"User"},{"ObjectIdentifier":"S-1-5-21-2753036698-1833876717-151524435-1388","ObjectType":"User"},{"ObjectIdentifier":"S-1-5-21-2753036698-1833876717-151524435-1347","ObjectType":"User"},{"ObjectIdentifier":"S-1-5-21-2753036698-1833876717-151524435-1245","ObjectType":"User"},{"ObjectIdentifier":"S-1-5-21-2753036698-1833876717-151524435-1422","ObjectType":"User"},{"ObjectIdentifier":"S-1-5-21-2753036698-1833876717-151524435-1707","ObjectType":"User"},{"ObjectIdentifier":"S-1-5-21-2753036698-1833876717-151524435-1594","ObjectType":"User"},{"ObjectIdentifier":"S-1-5-21-2753036698-1833876717-151524435-1247","ObjectType":"User"},{"ObjectIdentifier":"S-1-5-21-2753036698-1833876717-151524435-1248","ObjectType":"User"},{"ObjectIdentifier":"S-1-5-21-2753036698-1833876717-151524435-1249","ObjectType":"User"},{"ObjectIdentifier":"S-1-5-21-2753036698-1833876717-151524435-1591","ObjectType":"User"},{"ObjectIdentifier":"S-1-5-21-2753036698-1833876717-151524435-1250","ObjectType":"User"},{"ObjectIdentifier":"S-1-5-21-2753036698-1833876717-151524435-1450","ObjectType":"User"},{"ObjectIdentifier":"S-1-5-21-2753036698-1833876717-151524435-1725","ObjectType":"User"},{"ObjectIdentifier":"S-1-5-21-2753036698-1833876717-151524435-1251","ObjectType":"User"},{"ObjectIdentifier":"S-1-5-21-2753036698-1833876717-151524435-1577","ObjectType":"User"},{"ObjectIdentifier":"S-1-5-21-2753036698-1833876717-151524435-1319","ObjectType":"Group"},{"ObjectIdentifier":"S-1-5-21-2753036698-1833876717-151524435-1281","ObjectType":"Group"},{"ObjectIdentifier":"S-1-5-21-2753036698-1833876717-151524435-1315","ObjectType":"Group"},{"ObjectIdentifier":"S-1-5-21-2753036698-1833876717-151524435-1284","ObjectType":"Group"},{"ObjectIdentifier":"S-1-5-21-2753036698-1833876717-151524435-1286","ObjectType":"Group"},{"ObjectIdentifier":"S-1-5-21-2753036698-1833876717-151524435-1285","ObjectType":"Group"},{"ObjectIdentifier":"S-1-5-21-2753036698-1833876717-151524435-1279","ObjectType":"Group"},{"ObjectIdentifier":"S-1-5-21-2753036698-1833876717-151524435-1288","ObjectType":"Group"},{"ObjectIdentifier":"S-1-5-21-2753036698-1833876717-151524435-1280","ObjectType":"Group"},{"ObjectIdentifier":"S-1-5-21-2753036698-1833876717-151524435-1283","ObjectType":"Group"},{"ObjectIdentifier":"S-1-5-21-2753036698-1833876717-151524435-1766","ObjectType":"User"},{"ObjectIdentifier":"S-1-5-21-2753036698-1833876717-151524435-1252","ObjectType":"User"},{"ObjectIdentifier":"S-1-5-21-2753036698-1833876717-151524435-1639","ObjectType":"User"},{"ObjectIdentifier":"S-1-5-21-2753036698-1833876717-151524435-1696","ObjectType":"User"},{"ObjectIdentifier":"S-1-5-21-2753036698-1833876717-151524435-1316","ObjectType":"Group"},{"ObjectIdentifier":"S-1-5-21-2753036698-1833876717-151524435-1637","ObjectType":"User"},{"ObjectIdentifier":"S-1-5-21-2753036698-1833876717-151524435-1542","ObjectType":"User"},{"ObjectIdentifier":"S-1-5-21-2753036698-1833876717-151524435-1254","ObjectType":"User"},{"ObjectIdentifier":"S-1-5-21-2753036698-1833876717-151524435-1644","ObjectType":"User"},{"ObjectIdentifier":"S-1-5-21-2753036698-1833876717-151524435-1259","ObjectType":"User"},{"ObjectIdentifier":"S-1-5-21-2753036698-1833876717-151524435-1708","ObjectType":"User"},{"ObjectIdentifier":"S-1-5-21-2753036698-1833876717-151524435-1262","ObjectType":"User"},{"ObjectIdentifier":"S-1-5-21-2753036698-1833876717-151524435-1263","ObjectType":"User"},{"ObjectIdentifier":"S-1-5-21-2753036698-1833876717-151524435-1572","ObjectType":"User"},{"ObjectIdentifier":"S-1-5-21-2753036698-1833876717-151524435-1768","ObjectType":"User"},{"ObjectIdentifier":"S-1-5-21-2753036698-1833876717-151524435-1264","ObjectType":"User"},{"ObjectIdentifier":"S-1-5-21-2753036698-1833876717-151524435-1557","ObjectType":"User"},{"ObjectIdentifier":"S-1-5-21-2753036698-1833876717-151524435-1664","ObjectType":"User"},{"ObjectIdentifier":"S-1-5-21-2753036698-1833876717-151524435-1699","ObjectType":"User"},{"ObjectIdentifier":"S-1-5-21-2753036698-1833876717-151524435-1601","ObjectType":"User"},{"ObjectIdentifier":"S-1-5-21-2753036698-1833876717-151524435-1532","ObjectType":"User"},{"ObjectIdentifier":"S-1-5-21-2753036698-1833876717-151524435-1265","ObjectType":"User"},{"ObjectIdentifier":"S-1-5-21-2753036698-1833876717-151524435-1317","ObjectType":"Group"},{"ObjectIdentifier":"S-1-5-21-2753036698-1833876717-151524435-1537","ObjectType":"User"},{"ObjectIdentifier":"S-1-5-21-2753036698-1833876717-151524435-1266","ObjectType":"User"},{"ObjectIdentifier":"S-1-5-21-2753036698-1833876717-151524435-1267","ObjectType":"User"},{"ObjectIdentifier":"S-1-5-21-2753036698-1833876717-151524435-1663","ObjectType":"User"},{"ObjectIdentifier":"S-1-5-21-2753036698-1833876717-151524435-1269","ObjectType":"User"},{"ObjectIdentifier":"S-1-5-21-2753036698-1833876717-151524435-1270","ObjectType":"User"},{"ObjectIdentifier":"S-1-5-21-2753036698-1833876717-151524435-1271","ObjectType":"User"},{"ObjectIdentifier":"S-1-5-21-2753036698-1833876717-151524435-1272","ObjectType":"User"},{"ObjectIdentifier":"S-1-5-21-2753036698-1833876717-151524435-1526","ObjectType":"User"},{"ObjectIdentifier":"S-1-5-21-2753036698-1833876717-151524435-1670","ObjectType":"User"},{"ObjectIdentifier":"S-1-5-21-2753036698-1833876717-151524435-1318","ObjectType":"Group"},{"ObjectIdentifier":"S-1-5-21-2753036698-1833876717-151524435-1273","ObjectType":"User"},{"ObjectIdentifier":"S-1-5-21-2753036698-1833876717-151524435-1647","ObjectType":"User"},{"ObjectIdentifier":"S-1-5-21-2753036698-1833876717-151524435-1690","ObjectType":"User"},{"ObjectIdentifier":"S-1-5-21-2753036698-1833876717-151524435-1274","ObjectType":"User"},{"ObjectIdentifier":"S-1-5-21-2753036698-1833876717-151524435-1596","ObjectType":"User"},{"ObjectIdentifier":"S-1-5-21-2753036698-1833876717-151524435-1736","ObjectType":"User"}],"Aces":[{"PrincipalSID":"S-1-5-21-2753036698-1833876717-151524435-512","PrincipalType":"Group","RightName":"Owns","IsInherited":false},{"PrincipalSID":"S-1-5-21-2753036698-1833876717-151524435-512","PrincipalType":"Group","RightName":"GenericAll","IsInherited":false},{"PrincipalSID":"S-1-5-21-2753036698-1833876717-151524435-519","PrincipalType":"Group","RightName":"GenericAll","IsInherited":true},{"PrincipalSID":"SECHQCORP.COM-S-1-5-32-544","PrincipalType":"Group","RightName":"WriteDacl","IsInherited":true},{"PrincipalSID":"SECHQCORP.COM-S-1-5-32-544","PrincipalType":"Group","RightName":"WriteOwner","IsInherited":true}],"ObjectIdentifier":"C807211A-227D-478D-8994-BD3D2096DF1C","IsDeleted":false,"IsACLProtected":false,"GPOChanges":{"LocalAdmins":[],"RemoteDesktopUsers":[],"DcomUsers":[],"PSRemoteUsers":[],"AffectedComputers":[]},"Properties":{"domain":"SECHQCORP.COM","name":"USERS@SECHQCORP.COM","distinguishedname":"OU=USERS,OU=INDIA-PUNE,DC=SECHQCORP,DC=COM","domainsid":"S-1-5-21-2753036698-1833876717-151524435","description":null,"whencreated":1598531334,"blocksinheritance":false}},{"Links":[{"IsEnforced":false,"GUID":"9861458E-BCA3-40CB-B774-7DB51DE78070"},{"IsEnforced":false,"GUID":"88DFCDA0-762D-4AAB-BDB0-4BE6A16CE678"},{"IsEnforced":false,"GUID":"C384B8B4-4B77-496C-A115-1DC53B70C3D6"},{"IsEnforced":false,"GUID":"8AC9D4B0-C176-49EE-A7FE-312F3EE82D95"},{"IsEnforced":false,"GUID":"AEB64262-5330-459B-8A8A-D6C572BFFFCE"}],"ChildObjects":[{"ObjectIdentifier":"S-1-5-21-2753036698-1833876717-151524435-1432","ObjectType":"Computer"},{"ObjectIdentifier":"S-1-5-21-2753036698-1833876717-151524435-1428","ObjectType":"Computer"}],"Aces":[{"PrincipalSID":"S-1-5-21-2753036698-1833876717-151524435-512","PrincipalType":"Group","RightName":"Owns","IsInherited":false},{"PrincipalSID":"S-1-5-21-2753036698-1833876717-151524435-512","PrincipalType":"Group","RightName":"GenericAll","IsInherited":false},{"PrincipalSID":"S-1-5-21-2753036698-1833876717-151524435-519","PrincipalType":"Group","RightName":"GenericAll","IsInherited":true},{"PrincipalSID":"SECHQCORP.COM-S-1-5-32-544","PrincipalType":"Group","RightName":"WriteDacl","IsInherited":true},{"PrincipalSID":"SECHQCORP.COM-S-1-5-32-544","PrincipalType":"Group","RightName":"WriteOwner","IsInherited":true}],"ObjectIdentifier":"6621778B-ABD9-4F0A-99BE-DC5987FC62C7","IsDeleted":false,"IsACLProtected":false,"GPOChanges":{"LocalAdmins":[],"RemoteDesktopUsers":[],"DcomUsers":[],"PSRemoteUsers":[],"AffectedComputers":[]},"Properties":{"domain":"SECHQCORP.COM","name":"TERMINAL SERVERS@SECHQCORP.COM","distinguishedname":"OU=TERMINAL SERVERS,DC=SECHQCORP,DC=COM","domainsid":"S-1-5-21-2753036698-1833876717-151524435","description":null,"whencreated":1614073660,"blocksinheritance":false}}],"meta":{"methods":29675,"type":"ous","count":19,"version":4}}