﻿{"data":[{"Aces":[{"PrincipalSID":"S-1-5-21-2753036698-1833876717-151524435-512","PrincipalType":"Group","RightName":"Owns","IsInherited":false},{"PrincipalSID":"S-1-5-21-2753036698-1833876717-151524435-512","PrincipalType":"Group","RightName":"WriteDacl","IsInherited":false},{"PrincipalSID":"S-1-5-21-2753036698-1833876717-151524435-512","PrincipalType":"Group","RightName":"WriteOwner","IsInherited":false},{"PrincipalSID":"S-1-5-21-2753036698-1833876717-151524435-512","PrincipalType":"Group","RightName":"GenericWrite","IsInherited":false},{"PrincipalSID":"S-1-5-21-2753036698-1833876717-151524435-519","PrincipalType":"Group","RightName":"WriteDacl","IsInherited":false},{"PrincipalSID":"S-1-5-21-2753036698-1833876717-151524435-519","PrincipalType":"Group","RightName":"WriteOwner","IsInherited":false},{"PrincipalSID":"S-1-5-21-2753036698-1833876717-151524435-519","PrincipalType":"Group","RightName":"GenericWrite","IsInherited":false}],"ObjectIdentifier":"41083458-3BDE-41D1-A916-1D7D1732E8E9","IsDeleted":false,"IsACLProtected":true,"Properties":{"domain":"SECHQCORP.COM","name":"DEFAULT DOMAIN POLICY@SECHQCORP.COM","distinguishedname":"CN={31B2F340-016D-11D2-945F-00C04FB984F9},CN=POLICIES,CN=SYSTEM,DC=SECHQCORP,DC=COM","domainsid":"S-1-5-21-2753036698-1833876717-151524435","description":null,"whencreated":1592811728,"gpcpath":"\\\\SECHQCORP.COM\\SYSVOL\\SECHQCORP.COM\\POLICIES\\{31B2F340-016D-11D2-945F-00C04FB984F9}"}},{"Aces":[{"PrincipalSID":"S-1-5-21-2753036698-1833876717-151524435-512","PrincipalType":"Group","RightName":"Owns","IsInherited":false},{"PrincipalSID":"S-1-5-21-2753036698-1833876717-151524435-512","PrincipalType":"Group","RightName":"WriteDacl","IsInherited":false},{"PrincipalSID":"S-1-5-21-2753036698-1833876717-151524435-512","PrincipalType":"Group","RightName":"WriteOwner","IsInherited":false},{"PrincipalSID":"S-1-5-21-2753036698-1833876717-151524435-512","PrincipalType":"Group","RightName":"GenericWrite","IsInherited":false},{"PrincipalSID":"S-1-5-21-2753036698-1833876717-151524435-512","PrincipalType":"Group","RightName":"WriteDacl","IsInherited":false},{"PrincipalSID":"S-1-5-21-2753036698-1833876717-151524435-512","PrincipalType":"Group","RightName":"WriteOwner","IsInherited":false},{"PrincipalSID":"S-1-5-21-2753036698-1833876717-151524435-512","PrincipalType":"Group","RightName":"GenericWrite","IsInherited":false},{"PrincipalSID":"S-1-5-21-2753036698-1833876717-151524435-519","PrincipalType":"Group","RightName":"WriteDacl","IsInherited":false},{"PrincipalSID":"S-1-5-21-2753036698-1833876717-151524435-519","PrincipalType":"Group","RightName":"WriteOwner","IsInherited":false},{"PrincipalSID":"S-1-5-21-2753036698-1833876717-151524435-519","PrincipalType":"Group","RightName":"GenericWrite","IsInherited":false}],"ObjectIdentifier":"2FBD47AD-99C6-426B-A156-D5959C2ED43B","IsDeleted":false,"IsACLProtected":true,"Properties":{"domain":"SECHQCORP.COM","name":"DEFAULT DOMAIN CONTROLLERS POLICY@SECHQCORP.COM","distinguishedname":"CN={6AC1786C-016F-11D2-945F-00C04FB984F9},CN=POLICIES,CN=SYSTEM,DC=SECHQCORP,DC=COM","domainsid":"S-1-5-21-2753036698-1833876717-151524435","description":null,"whencreated":1592811728,"gpcpath":"\\\\SECHQCORP.COM\\SYSVOL\\SECHQCORP.COM\\POLICIES\\{6AC1786C-016F-11D2-945F-00C04FB984F9}"}},{"Aces":[{"PrincipalSID":"S-1-5-21-2753036698-1833876717-151524435-512","PrincipalType":"Group","RightName":"Owns","IsInherited":false},{"PrincipalSID":"S-1-5-21-2753036698-1833876717-151524435-512","PrincipalType":"Group","RightName":"WriteDacl","IsInherited":false},{"PrincipalSID":"S-1-5-21-2753036698-1833876717-151524435-512","PrincipalType":"Group","RightName":"WriteOwner","IsInherited":false},{"PrincipalSID":"S-1-5-21-2753036698-1833876717-151524435-512","PrincipalType":"Group","RightName":"GenericWrite","IsInherited":false},{"PrincipalSID":"S-1-5-21-2753036698-1833876717-151524435-519","PrincipalType":"Group","RightName":"WriteDacl","IsInherited":false},{"PrincipalSID":"S-1-5-21-2753036698-1833876717-151524435-519","PrincipalType":"Group","RightName":"WriteOwner","IsInherited":false},{"PrincipalSID":"S-1-5-21-2753036698-1833876717-151524435-519","PrincipalType":"Group","RightName":"GenericWrite","IsInherited":false}],"ObjectIdentifier":"454FD661-FCBB-4BA9-9001-80379BF5158C","IsDeleted":false,"IsACLProtected":true,"Properties":{"domain":"SECHQCORP.COM","name":"ISOLATEDWORKERS@SECHQCORP.COM","distinguishedname":"CN={551EE0F9-143E-4850-8ADA-CE0BE427AE67},CN=POLICIES,CN=SYSTEM,DC=SECHQCORP,DC=COM","domainsid":"S-1-5-21-2753036698-1833876717-151524435","description":null,"whencreated":1594722634,"gpcpath":"\\\\SECHQCORP.COM\\SYSVOL\\SECHQCORP.COM\\POLICIES\\{551EE0F9-143E-4850-8ADA-CE0BE427AE67}"}},{"Aces":[{"PrincipalSID":"S-1-5-21-2753036698-1833876717-151524435-512","PrincipalType":"Group","RightName":"Owns","IsInherited":false},{"PrincipalSID":"S-1-5-21-2753036698-1833876717-151524435-512","PrincipalType":"Group","RightName":"WriteDacl","IsInherited":false},{"PrincipalSID":"S-1-5-21-2753036698-1833876717-151524435-512","PrincipalType":"Group","RightName":"WriteOwner","IsInherited":false},{"PrincipalSID":"S-1-5-21-2753036698-1833876717-151524435-512","PrincipalType":"Group","RightName":"GenericWrite","IsInherited":false},{"PrincipalSID":"S-1-5-21-2753036698-1833876717-151524435-519","PrincipalType":"Group","RightName":"WriteDacl","IsInherited":false},{"PrincipalSID":"S-1-5-21-2753036698-1833876717-151524435-519","PrincipalType":"Group","RightName":"WriteOwner","IsInherited":false},{"PrincipalSID":"S-1-5-21-2753036698-1833876717-151524435-519","PrincipalType":"Group","RightName":"GenericWrite","IsInherited":false}],"ObjectIdentifier":"C19EEE3A-0077-4449-BD89-71D48A409D3E","IsDeleted":false,"IsACLProtected":true,"Properties":{"domain":"SECHQCORP.COM","name":"COMPLIANCE GPO FOR WINDOWS@SECHQCORP.COM","distinguishedname":"CN={A11F2E63-452D-4859-832B-2657BBE34F94},CN=POLICIES,CN=SYSTEM,DC=SECHQCORP,DC=COM","domainsid":"S-1-5-21-2753036698-1833876717-151524435","description":null,"whencreated":1598352064,"gpcpath":"\\\\SECHQCORP.COM\\SYSVOL\\SECHQCORP.COM\\POLICIES\\{A11F2E63-452D-4859-832B-2657BBE34F94}"}},{"Aces":[{"PrincipalSID":"S-1-5-21-2753036698-1833876717-151524435-512","PrincipalType":"Group","RightName":"Owns","IsInherited":false},{"PrincipalSID":"S-1-5-21-2753036698-1833876717-151524435-512","PrincipalType":"Group","RightName":"WriteDacl","IsInherited":false},{"PrincipalSID":"S-1-5-21-2753036698-1833876717-151524435-512","PrincipalType":"Group","RightName":"WriteOwner","IsInherited":false},{"PrincipalSID":"S-1-5-21-2753036698-1833876717-151524435-512","PrincipalType":"Group","RightName":"GenericWrite","IsInherited":false},{"PrincipalSID":"S-1-5-21-2753036698-1833876717-151524435-519","PrincipalType":"Group","RightName":"WriteDacl","IsInherited":false},{"PrincipalSID":"S-1-5-21-2753036698-1833876717-151524435-519","PrincipalType":"Group","RightName":"WriteOwner","IsInherited":false},{"PrincipalSID":"S-1-5-21-2753036698-1833876717-151524435-519","PrincipalType":"Group","RightName":"GenericWrite","IsInherited":false}],"ObjectIdentifier":"49A7B7D4-3228-499A-93AE-927BF03B2455","IsDeleted":false,"IsACLProtected":true,"Properties":{"domain":"SECHQCORP.COM","name":"EVENT LOG READER POLICY@SECHQCORP.COM","distinguishedname":"CN={2DF243FF-86E6-435C-BAF8-AAB79ED02B7F},CN=POLICIES,CN=SYSTEM,DC=SECHQCORP,DC=COM","domainsid":"S-1-5-21-2753036698-1833876717-151524435","description":null,"whencreated":1611231251,"gpcpath":"\\\\SECHQCORP.COM\\SYSVOL\\SECHQCORP.COM\\POLICIES\\{2DF243FF-86E6-435C-BAF8-AAB79ED02B7F}"}},{"Aces":[{"PrincipalSID":"S-1-5-21-2753036698-1833876717-151524435-512","PrincipalType":"Group","RightName":"Owns","IsInherited":false},{"PrincipalSID":"S-1-5-21-2753036698-1833876717-151524435-512","PrincipalType":"Group","RightName":"WriteDacl","IsInherited":false},{"PrincipalSID":"S-1-5-21-2753036698-1833876717-151524435-512","PrincipalType":"Group","RightName":"WriteOwner","IsInherited":false},{"PrincipalSID":"S-1-5-21-2753036698-1833876717-151524435-512","PrincipalType":"Group","RightName":"GenericWrite","IsInherited":false},{"PrincipalSID":"S-1-5-21-2753036698-1833876717-151524435-519","PrincipalType":"Group","RightName":"WriteDacl","IsInherited":false},{"PrincipalSID":"S-1-5-21-2753036698-1833876717-151524435-519","PrincipalType":"Group","RightName":"WriteOwner","IsInherited":false},{"PrincipalSID":"S-1-5-21-2753036698-1833876717-151524435-519","PrincipalType":"Group","RightName":"GenericWrite","IsInherited":false},{"PrincipalSID":"S-1-5-21-2753036698-1833876717-151524435-1427","PrincipalType":"Computer","RightName":"GenericWrite","IsInherited":false},{"PrincipalSID":"S-1-5-21-2753036698-1833876717-151524435-1428","PrincipalType":"Computer","RightName":"GenericWrite","IsInherited":false}],"ObjectIdentifier":"AEB64262-5330-459B-8A8A-D6C572BFFFCE","IsDeleted":false,"IsACLProtected":true,"Properties":{"domain":"SECHQCORP.COM","name":"TERMINAL SERVER GPO@SECHQCORP.COM","distinguishedname":"CN={0A6949A2-A3DA-465E-93B5-77884508D087},CN=POLICIES,CN=SYSTEM,DC=SECHQCORP,DC=COM","domainsid":"S-1-5-21-2753036698-1833876717-151524435","description":null,"whencreated":1614074737,"gpcpath":"\\\\SECHQCORP.COM\\SYSVOL\\SECHQCORP.COM\\POLICIES\\{0A6949A2-A3DA-465E-93B5-77884508D087}"}},{"Aces":[{"PrincipalSID":"S-1-5-21-2753036698-1833876717-151524435-512","PrincipalType":"Group","RightName":"Owns","IsInherited":false},{"PrincipalSID":"S-1-5-21-2753036698-1833876717-151524435-512","PrincipalType":"Group","RightName":"WriteDacl","IsInherited":false},{"PrincipalSID":"S-1-5-21-2753036698-1833876717-151524435-512","PrincipalType":"Group","RightName":"WriteOwner","IsInherited":false},{"PrincipalSID":"S-1-5-21-2753036698-1833876717-151524435-512","PrincipalType":"Group","RightName":"GenericWrite","IsInherited":false},{"PrincipalSID":"S-1-5-21-2753036698-1833876717-151524435-519","PrincipalType":"Group","RightName":"WriteDacl","IsInherited":false},{"PrincipalSID":"S-1-5-21-2753036698-1833876717-151524435-519","PrincipalType":"Group","RightName":"WriteOwner","IsInherited":false},{"PrincipalSID":"S-1-5-21-2753036698-1833876717-151524435-519","PrincipalType":"Group","RightName":"GenericWrite","IsInherited":false},{"PrincipalSID":"S-1-5-21-2753036698-1833876717-151524435-1129","PrincipalType":"Computer","RightName":"GenericWrite","IsInherited":false},{"PrincipalSID":"S-1-5-21-2753036698-1833876717-151524435-1384","PrincipalType":"Computer","RightName":"GenericWrite","IsInherited":false},{"PrincipalSID":"S-1-5-21-2753036698-1833876717-151524435-1384","PrincipalType":"Computer","RightName":"GenericWrite","IsInherited":false},{"PrincipalSID":"S-1-5-21-2753036698-1833876717-151524435-1697","PrincipalType":"Computer","RightName":"GenericWrite","IsInherited":false},{"PrincipalSID":"S-1-5-21-2753036698-1833876717-151524435-1717","PrincipalType":"Computer","RightName":"GenericWrite","IsInherited":false},{"PrincipalSID":"S-1-5-21-2753036698-1833876717-151524435-1717","PrincipalType":"Computer","RightName":"GenericWrite","IsInherited":false}],"ObjectIdentifier":"C384B8B4-4B77-496C-A115-1DC53B70C3D6","IsDeleted":false,"IsACLProtected":true,"Properties":{"domain":"SECHQCORP.COM","name":"PRINT SPOOLER DISABLE GPO@SECHQCORP.COM","distinguishedname":"CN={44E60D83-B399-45A1-9D08-D1B7839C86A4},CN=POLICIES,CN=SYSTEM,DC=SECHQCORP,DC=COM","domainsid":"S-1-5-21-2753036698-1833876717-151524435","description":null,"whencreated":1625485266,"gpcpath":"\\\\SECHQCORP.COM\\SYSVOL\\SECHQCORP.COM\\POLICIES\\{44E60D83-B399-45A1-9D08-D1B7839C86A4}"}},{"Aces":[{"PrincipalSID":"S-1-5-21-2753036698-1833876717-151524435-512","PrincipalType":"Group","RightName":"Owns","IsInherited":false},{"PrincipalSID":"S-1-5-21-2753036698-1833876717-151524435-512","PrincipalType":"Group","RightName":"WriteDacl","IsInherited":false},{"PrincipalSID":"S-1-5-21-2753036698-1833876717-151524435-512","PrincipalType":"Group","RightName":"WriteOwner","IsInherited":false},{"PrincipalSID":"S-1-5-21-2753036698-1833876717-151524435-512","PrincipalType":"Group","RightName":"GenericWrite","IsInherited":false},{"PrincipalSID":"S-1-5-21-2753036698-1833876717-151524435-519","PrincipalType":"Group","RightName":"WriteDacl","IsInherited":false},{"PrincipalSID":"S-1-5-21-2753036698-1833876717-151524435-519","PrincipalType":"Group","RightName":"WriteOwner","IsInherited":false},{"PrincipalSID":"S-1-5-21-2753036698-1833876717-151524435-519","PrincipalType":"Group","RightName":"GenericWrite","IsInherited":false}],"ObjectIdentifier":"D77FDBA2-1F4C-4ACA-8C96-33122C26DDA2","IsDeleted":false,"IsACLProtected":true,"Properties":{"domain":"SECHQCORP.COM","name":"REMOTEWORKERSUK@SECHQCORP.COM","distinguishedname":"CN={99E873AA-BE35-4093-9495-E7F68F44632D},CN=POLICIES,CN=SYSTEM,DC=SECHQCORP,DC=COM","domainsid":"S-1-5-21-2753036698-1833876717-151524435","description":null,"whencreated":1594722680,"gpcpath":"\\\\SECHQCORP.COM\\SYSVOL\\SECHQCORP.COM\\POLICIES\\{99E873AA-BE35-4093-9495-E7F68F44632D}"}},{"Aces":[{"PrincipalSID":"S-1-5-21-2753036698-1833876717-151524435-512","PrincipalType":"Group","RightName":"Owns","IsInherited":false},{"PrincipalSID":"S-1-5-21-2753036698-1833876717-151524435-512","PrincipalType":"Group","RightName":"WriteDacl","IsInherited":false},{"PrincipalSID":"S-1-5-21-2753036698-1833876717-151524435-512","PrincipalType":"Group","RightName":"WriteOwner","IsInherited":false},{"PrincipalSID":"S-1-5-21-2753036698-1833876717-151524435-512","PrincipalType":"Group","RightName":"GenericWrite","IsInherited":false},{"PrincipalSID":"S-1-5-21-2753036698-1833876717-151524435-519","PrincipalType":"Group","RightName":"WriteDacl","IsInherited":false},{"PrincipalSID":"S-1-5-21-2753036698-1833876717-151524435-519","PrincipalType":"Group","RightName":"WriteOwner","IsInherited":false},{"PrincipalSID":"S-1-5-21-2753036698-1833876717-151524435-519","PrincipalType":"Group","RightName":"GenericWrite","IsInherited":false}],"ObjectIdentifier":"5116A981-7791-4A22-93A8-2F0EE5242DBB","IsDeleted":false,"IsACLProtected":true,"Properties":{"domain":"SECHQCORP.COM","name":"SHQ QUALYS SCANNER GPO@SECHQCORP.COM","distinguishedname":"CN={3F89FEAE-52FF-4733-A542-EA0754042E2F},CN=POLICIES,CN=SYSTEM,DC=SECHQCORP,DC=COM","domainsid":"S-1-5-21-2753036698-1833876717-151524435","description":null,"whencreated":1613384712,"gpcpath":"\\\\SECHQCORP.COM\\SYSVOL\\SECHQCORP.COM\\POLICIES\\{3F89FEAE-52FF-4733-A542-EA0754042E2F}"}},{"Aces":[{"PrincipalSID":"S-1-5-21-2753036698-1833876717-151524435-512","PrincipalType":"Group","RightName":"Owns","IsInherited":false},{"PrincipalSID":"S-1-5-21-2753036698-1833876717-151524435-512","PrincipalType":"Group","RightName":"GenericWrite","IsInherited":false},{"PrincipalSID":"S-1-5-21-2753036698-1833876717-151524435-512","PrincipalType":"Group","RightName":"WriteDacl","IsInherited":false},{"PrincipalSID":"S-1-5-21-2753036698-1833876717-151524435-512","PrincipalType":"Group","RightName":"WriteOwner","IsInherited":false},{"PrincipalSID":"S-1-5-21-2753036698-1833876717-151524435-519","PrincipalType":"Group","RightName":"WriteDacl","IsInherited":false},{"PrincipalSID":"S-1-5-21-2753036698-1833876717-151524435-519","PrincipalType":"Group","RightName":"WriteOwner","IsInherited":false},{"PrincipalSID":"S-1-5-21-2753036698-1833876717-151524435-519","PrincipalType":"Group","RightName":"GenericWrite","IsInherited":false},{"PrincipalSID":"S-1-5-21-2753036698-1833876717-151524435-1587","PrincipalType":"User","RightName":"WriteDacl","IsInherited":false},{"PrincipalSID":"S-1-5-21-2753036698-1833876717-151524435-1587","PrincipalType":"User","RightName":"WriteOwner","IsInherited":false},{"PrincipalSID":"S-1-5-21-2753036698-1833876717-151524435-1587","PrincipalType":"User","RightName":"GenericWrite","IsInherited":false}],"ObjectIdentifier":"1C99166D-CF04-490C-9038-11E02455EFF2","IsDeleted":false,"IsACLProtected":true,"Properties":{"domain":"SECHQCORP.COM","name":"NORMAL USER POLICY GPO@SECHQCORP.COM","distinguishedname":"CN={6562F068-FDC5-4093-81E0-01EF16FED7CF},CN=POLICIES,CN=SYSTEM,DC=SECHQCORP,DC=COM","domainsid":"S-1-5-21-2753036698-1833876717-151524435","description":null,"whencreated":1600157825,"gpcpath":"\\\\SECHQCORP.COM\\SYSVOL\\SECHQCORP.COM\\POLICIES\\{6562F068-FDC5-4093-81E0-01EF16FED7CF}"}},{"Aces":[{"PrincipalSID":"S-1-5-21-2753036698-1833876717-151524435-512","PrincipalType":"Group","RightName":"Owns","IsInherited":false},{"PrincipalSID":"S-1-5-21-2753036698-1833876717-151524435-512","PrincipalType":"Group","RightName":"WriteDacl","IsInherited":false},{"PrincipalSID":"S-1-5-21-2753036698-1833876717-151524435-512","PrincipalType":"Group","RightName":"WriteOwner","IsInherited":false},{"PrincipalSID":"S-1-5-21-2753036698-1833876717-151524435-512","PrincipalType":"Group","RightName":"GenericWrite","IsInherited":false},{"PrincipalSID":"S-1-5-21-2753036698-1833876717-151524435-519","PrincipalType":"Group","RightName":"WriteDacl","IsInherited":false},{"PrincipalSID":"S-1-5-21-2753036698-1833876717-151524435-519","PrincipalType":"Group","RightName":"WriteOwner","IsInherited":false},{"PrincipalSID":"S-1-5-21-2753036698-1833876717-151524435-519","PrincipalType":"Group","RightName":"GenericWrite","IsInherited":false}],"ObjectIdentifier":"29B20D27-6644-42B3-831A-82245AEA2EED","IsDeleted":false,"IsACLProtected":true,"Properties":{"domain":"SECHQCORP.COM","name":"NTP GPO@SECHQCORP.COM","distinguishedname":"CN={16EED868-AEA1-4A76-869D-22CA1A614289},CN=POLICIES,CN=SYSTEM,DC=SECHQCORP,DC=COM","domainsid":"S-1-5-21-2753036698-1833876717-151524435","description":null,"whencreated":1612790261,"gpcpath":"\\\\SECHQCORP.COM\\SYSVOL\\SECHQCORP.COM\\POLICIES\\{16EED868-AEA1-4A76-869D-22CA1A614289}"}},{"Aces":[{"PrincipalSID":"S-1-5-21-2753036698-1833876717-151524435-512","PrincipalType":"Group","RightName":"Owns","IsInherited":false},{"PrincipalSID":"S-1-5-21-2753036698-1833876717-151524435-512","PrincipalType":"Group","RightName":"WriteDacl","IsInherited":false},{"PrincipalSID":"S-1-5-21-2753036698-1833876717-151524435-512","PrincipalType":"Group","RightName":"WriteOwner","IsInherited":false},{"PrincipalSID":"S-1-5-21-2753036698-1833876717-151524435-512","PrincipalType":"Group","RightName":"GenericWrite","IsInherited":false},{"PrincipalSID":"S-1-5-21-2753036698-1833876717-151524435-519","PrincipalType":"Group","RightName":"WriteDacl","IsInherited":false},{"PrincipalSID":"S-1-5-21-2753036698-1833876717-151524435-519","PrincipalType":"Group","RightName":"WriteOwner","IsInherited":false},{"PrincipalSID":"S-1-5-21-2753036698-1833876717-151524435-519","PrincipalType":"Group","RightName":"GenericWrite","IsInherited":false}],"ObjectIdentifier":"C27253D7-1B55-43F2-9272-7537B91E7E00","IsDeleted":false,"IsACLProtected":true,"Properties":{"domain":"SECHQCORP.COM","name":"SMBV1 DISABLE GPO@SECHQCORP.COM","distinguishedname":"CN={582401F0-AA48-4618-80AF-6E4B4ED5EE99},CN=POLICIES,CN=SYSTEM,DC=SECHQCORP,DC=COM","domainsid":"S-1-5-21-2753036698-1833876717-151524435","description":null,"whencreated":1616820120,"gpcpath":"\\\\SECHQCORP.COM\\SYSVOL\\SECHQCORP.COM\\POLICIES\\{582401F0-AA48-4618-80AF-6E4B4ED5EE99}"}},{"Aces":[{"PrincipalSID":"S-1-5-21-2753036698-1833876717-151524435-512","PrincipalType":"Group","RightName":"Owns","IsInherited":false},{"PrincipalSID":"S-1-5-21-2753036698-1833876717-151524435-512","PrincipalType":"Group","RightName":"WriteDacl","IsInherited":false},{"PrincipalSID":"S-1-5-21-2753036698-1833876717-151524435-512","PrincipalType":"Group","RightName":"WriteOwner","IsInherited":false},{"PrincipalSID":"S-1-5-21-2753036698-1833876717-151524435-512","PrincipalType":"Group","RightName":"GenericWrite","IsInherited":false},{"PrincipalSID":"S-1-5-21-2753036698-1833876717-151524435-519","PrincipalType":"Group","RightName":"WriteDacl","IsInherited":false},{"PrincipalSID":"S-1-5-21-2753036698-1833876717-151524435-519","PrincipalType":"Group","RightName":"WriteOwner","IsInherited":false},{"PrincipalSID":"S-1-5-21-2753036698-1833876717-151524435-519","PrincipalType":"Group","RightName":"GenericWrite","IsInherited":false}],"ObjectIdentifier":"2A2326A3-33C4-4F0E-87D3-3235B7B96623","IsDeleted":false,"IsACLProtected":true,"Properties":{"domain":"SECHQCORP.COM","name":"NESSUS SCANNER GPO@SECHQCORP.COM","distinguishedname":"CN={B3B83B13-D1BE-4F77-BE50-3C56D5643AF4},CN=POLICIES,CN=SYSTEM,DC=SECHQCORP,DC=COM","domainsid":"S-1-5-21-2753036698-1833876717-151524435","description":null,"whencreated":1600266678,"gpcpath":"\\\\SECHQCORP.COM\\SYSVOL\\SECHQCORP.COM\\POLICIES\\{B3B83B13-D1BE-4F77-BE50-3C56D5643AF4}"}},{"Aces":[{"PrincipalSID":"S-1-5-21-2753036698-1833876717-151524435-512","PrincipalType":"Group","RightName":"Owns","IsInherited":false},{"PrincipalSID":"S-1-5-21-2753036698-1833876717-151524435-512","PrincipalType":"Group","RightName":"WriteDacl","IsInherited":false},{"PrincipalSID":"S-1-5-21-2753036698-1833876717-151524435-512","PrincipalType":"Group","RightName":"WriteOwner","IsInherited":false},{"PrincipalSID":"S-1-5-21-2753036698-1833876717-151524435-512","PrincipalType":"Group","RightName":"GenericWrite","IsInherited":false},{"PrincipalSID":"S-1-5-21-2753036698-1833876717-151524435-519","PrincipalType":"Group","RightName":"WriteDacl","IsInherited":false},{"PrincipalSID":"S-1-5-21-2753036698-1833876717-151524435-519","PrincipalType":"Group","RightName":"WriteOwner","IsInherited":false},{"PrincipalSID":"S-1-5-21-2753036698-1833876717-151524435-519","PrincipalType":"Group","RightName":"GenericWrite","IsInherited":false}],"ObjectIdentifier":"8816035C-1154-47B6-9E8A-D4725557552A","IsDeleted":false,"IsACLProtected":true,"Properties":{"domain":"SECHQCORP.COM","name":"COMPLIANCE GPO FOR SERVERS@SECHQCORP.COM","distinguishedname":"CN={B5363279-4DE5-4CA8-936F-D08072D3E516},CN=POLICIES,CN=SYSTEM,DC=SECHQCORP,DC=COM","domainsid":"S-1-5-21-2753036698-1833876717-151524435","description":null,"whencreated":1596614715,"gpcpath":"\\\\SECHQCORP.COM\\SYSVOL\\SECHQCORP.COM\\POLICIES\\{B5363279-4DE5-4CA8-936F-D08072D3E516}"}},{"Aces":[{"PrincipalSID":"S-1-5-21-2753036698-1833876717-151524435-512","PrincipalType":"Group","RightName":"Owns","IsInherited":false},{"PrincipalSID":"S-1-5-21-2753036698-1833876717-151524435-512","PrincipalType":"Group","RightName":"WriteDacl","IsInherited":false},{"PrincipalSID":"S-1-5-21-2753036698-1833876717-151524435-512","PrincipalType":"Group","RightName":"WriteOwner","IsInherited":false},{"PrincipalSID":"S-1-5-21-2753036698-1833876717-151524435-512","PrincipalType":"Group","RightName":"GenericWrite","IsInherited":false},{"PrincipalSID":"S-1-5-21-2753036698-1833876717-151524435-519","PrincipalType":"Group","RightName":"WriteDacl","IsInherited":false},{"PrincipalSID":"S-1-5-21-2753036698-1833876717-151524435-519","PrincipalType":"Group","RightName":"WriteOwner","IsInherited":false},{"PrincipalSID":"S-1-5-21-2753036698-1833876717-151524435-519","PrincipalType":"Group","RightName":"GenericWrite","IsInherited":false}],"ObjectIdentifier":"88DFCDA0-762D-4AAB-BDB0-4BE6A16CE678","IsDeleted":false,"IsACLProtected":true,"Properties":{"domain":"SECHQCORP.COM","name":"REPORTING SERVERS GPO@SECHQCORP.COM","distinguishedname":"CN={9CB1515B-4621-4648-972F-57F286670274},CN=POLICIES,CN=SYSTEM,DC=SECHQCORP,DC=COM","domainsid":"S-1-5-21-2753036698-1833876717-151524435","description":null,"whencreated":1626789457,"gpcpath":"\\\\SECHQCORP.COM\\SYSVOL\\SECHQCORP.COM\\POLICIES\\{9CB1515B-4621-4648-972F-57F286670274}"}},{"Aces":[{"PrincipalSID":"S-1-5-21-2753036698-1833876717-151524435-512","PrincipalType":"Group","RightName":"Owns","IsInherited":false},{"PrincipalSID":"S-1-5-21-2753036698-1833876717-151524435-512","PrincipalType":"Group","RightName":"WriteDacl","IsInherited":false},{"PrincipalSID":"S-1-5-21-2753036698-1833876717-151524435-512","PrincipalType":"Group","RightName":"WriteOwner","IsInherited":false},{"PrincipalSID":"S-1-5-21-2753036698-1833876717-151524435-512","PrincipalType":"Group","RightName":"GenericWrite","IsInherited":false},{"PrincipalSID":"S-1-5-21-2753036698-1833876717-151524435-519","PrincipalType":"Group","RightName":"WriteDacl","IsInherited":false},{"PrincipalSID":"S-1-5-21-2753036698-1833876717-151524435-519","PrincipalType":"Group","RightName":"WriteOwner","IsInherited":false},{"PrincipalSID":"S-1-5-21-2753036698-1833876717-151524435-519","PrincipalType":"Group","RightName":"GenericWrite","IsInherited":false},{"PrincipalSID":"S-1-5-21-2753036698-1833876717-151524435-1587","PrincipalType":"User","RightName":"GenericWrite","IsInherited":false}],"ObjectIdentifier":"3CDD27B2-394E-4D52-8A8D-3BFCE596C97B","IsDeleted":false,"IsACLProtected":true,"Properties":{"domain":"SECHQCORP.COM","name":"ADMINISTRATIVE SHARE GPO@SECHQCORP.COM","distinguishedname":"CN={608028F8-A672-43AE-8CAE-9AC8DA964050},CN=POLICIES,CN=SYSTEM,DC=SECHQCORP,DC=COM","domainsid":"S-1-5-21-2753036698-1833876717-151524435","description":null,"whencreated":1634825027,"gpcpath":"\\\\SECHQCORP.COM\\SYSVOL\\SECHQCORP.COM\\POLICIES\\{608028F8-A672-43AE-8CAE-9AC8DA964050}"}},{"Aces":[{"PrincipalSID":"S-1-5-21-2753036698-1833876717-151524435-512","PrincipalType":"Group","RightName":"Owns","IsInherited":false},{"PrincipalSID":"S-1-5-21-2753036698-1833876717-151524435-512","PrincipalType":"Group","RightName":"WriteDacl","IsInherited":false},{"PrincipalSID":"S-1-5-21-2753036698-1833876717-151524435-512","PrincipalType":"Group","RightName":"WriteOwner","IsInherited":false},{"PrincipalSID":"S-1-5-21-2753036698-1833876717-151524435-512","PrincipalType":"Group","RightName":"GenericWrite","IsInherited":false},{"PrincipalSID":"S-1-5-21-2753036698-1833876717-151524435-519","PrincipalType":"Group","RightName":"WriteDacl","IsInherited":false},{"PrincipalSID":"S-1-5-21-2753036698-1833876717-151524435-519","PrincipalType":"Group","RightName":"WriteOwner","IsInherited":false},{"PrincipalSID":"S-1-5-21-2753036698-1833876717-151524435-519","PrincipalType":"Group","RightName":"GenericWrite","IsInherited":false}],"ObjectIdentifier":"F0404B7A-28BB-441F-AAB1-199F0CE369EC","IsDeleted":false,"IsACLProtected":true,"Properties":{"domain":"SECHQCORP.COM","name":"PRINT SPOOLER ALLOWED SIPN01LAP09@SECHQCORP.COM","distinguishedname":"CN={7101AB21-EE51-4AD8-A3CA-B0649C50A477},CN=POLICIES,CN=SYSTEM,DC=SECHQCORP,DC=COM","domainsid":"S-1-5-21-2753036698-1833876717-151524435","description":null,"whencreated":1635849551,"gpcpath":"\\\\SECHQCORP.COM\\SYSVOL\\SECHQCORP.COM\\POLICIES\\{7101AB21-EE51-4AD8-A3CA-B0649C50A477}"}},{"Aces":[{"PrincipalSID":"S-1-5-21-2753036698-1833876717-151524435-512","PrincipalType":"Group","RightName":"Owns","IsInherited":false},{"PrincipalSID":"S-1-5-21-2753036698-1833876717-151524435-512","PrincipalType":"Group","RightName":"WriteDacl","IsInherited":false},{"PrincipalSID":"S-1-5-21-2753036698-1833876717-151524435-512","PrincipalType":"Group","RightName":"WriteOwner","IsInherited":false},{"PrincipalSID":"S-1-5-21-2753036698-1833876717-151524435-512","PrincipalType":"Group","RightName":"GenericWrite","IsInherited":false},{"PrincipalSID":"S-1-5-21-2753036698-1833876717-151524435-519","PrincipalType":"Group","RightName":"WriteDacl","IsInherited":false},{"PrincipalSID":"S-1-5-21-2753036698-1833876717-151524435-519","PrincipalType":"Group","RightName":"WriteOwner","IsInherited":false},{"PrincipalSID":"S-1-5-21-2753036698-1833876717-151524435-519","PrincipalType":"Group","RightName":"GenericWrite","IsInherited":false}],"ObjectIdentifier":"32804D1E-8D0B-42DB-BA8A-F434EF1D5F84","IsDeleted":false,"IsACLProtected":true,"Properties":{"domain":"SECHQCORP.COM","name":"DISABLE CACHEDACCOUNT GPO@SECHQCORP.COM","distinguishedname":"CN={37B1F97F-49A4-432E-B951-CCD23769FC77},CN=POLICIES,CN=SYSTEM,DC=SECHQCORP,DC=COM","domainsid":"S-1-5-21-2753036698-1833876717-151524435","description":null,"whencreated":1634811661,"gpcpath":"\\\\SECHQCORP.COM\\SYSVOL\\SECHQCORP.COM\\POLICIES\\{37B1F97F-49A4-432E-B951-CCD23769FC77}"}},{"Aces":[{"PrincipalSID":"S-1-5-21-2753036698-1833876717-151524435-512","PrincipalType":"Group","RightName":"Owns","IsInherited":false},{"PrincipalSID":"S-1-5-21-2753036698-1833876717-151524435-512","PrincipalType":"Group","RightName":"WriteDacl","IsInherited":false},{"PrincipalSID":"S-1-5-21-2753036698-1833876717-151524435-512","PrincipalType":"Group","RightName":"WriteOwner","IsInherited":false},{"PrincipalSID":"S-1-5-21-2753036698-1833876717-151524435-512","PrincipalType":"Group","RightName":"GenericWrite","IsInherited":false},{"PrincipalSID":"S-1-5-21-2753036698-1833876717-151524435-519","PrincipalType":"Group","RightName":"WriteDacl","IsInherited":false},{"PrincipalSID":"S-1-5-21-2753036698-1833876717-151524435-519","PrincipalType":"Group","RightName":"WriteOwner","IsInherited":false},{"PrincipalSID":"S-1-5-21-2753036698-1833876717-151524435-519","PrincipalType":"Group","RightName":"GenericWrite","IsInherited":false},{"PrincipalSID":"S-1-5-21-2753036698-1833876717-151524435-1768","PrincipalType":"User","RightName":"GenericWrite","IsInherited":false}],"ObjectIdentifier":"8AC9D4B0-C176-49EE-A7FE-312F3EE82D95","IsDeleted":false,"IsACLProtected":true,"Properties":{"domain":"SECHQCORP.COM","name":"DISABLE POWERSHELL.EXE@SECHQCORP.COM","distinguishedname":"CN={7D06A6F6-FB25-4211-95E0-576A58B9052D},CN=POLICIES,CN=SYSTEM,DC=SECHQCORP,DC=COM","domainsid":"S-1-5-21-2753036698-1833876717-151524435","description":null,"whencreated":1594298839,"gpcpath":"\\\\SECHQCORP.COM\\SYSVOL\\SECHQCORP.COM\\POLICIES\\{7D06A6F6-FB25-4211-95E0-576A58B9052D}"}},{"Aces":[{"PrincipalSID":"S-1-5-21-2753036698-1833876717-151524435-512","PrincipalType":"Group","RightName":"Owns","IsInherited":false},{"PrincipalSID":"S-1-5-21-2753036698-1833876717-151524435-512","PrincipalType":"Group","RightName":"WriteDacl","IsInherited":false},{"PrincipalSID":"S-1-5-21-2753036698-1833876717-151524435-512","PrincipalType":"Group","RightName":"WriteOwner","IsInherited":false},{"PrincipalSID":"S-1-5-21-2753036698-1833876717-151524435-512","PrincipalType":"Group","RightName":"GenericWrite","IsInherited":false},{"PrincipalSID":"S-1-5-21-2753036698-1833876717-151524435-519","PrincipalType":"Group","RightName":"WriteDacl","IsInherited":false},{"PrincipalSID":"S-1-5-21-2753036698-1833876717-151524435-519","PrincipalType":"Group","RightName":"WriteOwner","IsInherited":false},{"PrincipalSID":"S-1-5-21-2753036698-1833876717-151524435-519","PrincipalType":"Group","RightName":"GenericWrite","IsInherited":false}],"ObjectIdentifier":"9861458E-BCA3-40CB-B774-7DB51DE78070","IsDeleted":false,"IsACLProtected":true,"Properties":{"domain":"SECHQCORP.COM","name":"BLOCK LOCAL ACCOUNT GPO@SECHQCORP.COM","distinguishedname":"CN={E5B978E4-D415-45C1-832E-4431A1987F9B},CN=POLICIES,CN=SYSTEM,DC=SECHQCORP,DC=COM","domainsid":"S-1-5-21-2753036698-1833876717-151524435","description":null,"whencreated":1634815259,"gpcpath":"\\\\SECHQCORP.COM\\SYSVOL\\SECHQCORP.COM\\POLICIES\\{E5B978E4-D415-45C1-832E-4431A1987F9B}"}},{"Aces":[{"PrincipalSID":"S-1-5-21-2753036698-1833876717-151524435-512","PrincipalType":"Group","RightName":"Owns","IsInherited":false},{"PrincipalSID":"S-1-5-21-2753036698-1833876717-151524435-512","PrincipalType":"Group","RightName":"WriteDacl","IsInherited":false},{"PrincipalSID":"S-1-5-21-2753036698-1833876717-151524435-512","PrincipalType":"Group","RightName":"WriteOwner","IsInherited":false},{"PrincipalSID":"S-1-5-21-2753036698-1833876717-151524435-512","PrincipalType":"Group","RightName":"GenericWrite","IsInherited":false},{"PrincipalSID":"S-1-5-21-2753036698-1833876717-151524435-519","PrincipalType":"Group","RightName":"WriteDacl","IsInherited":false},{"PrincipalSID":"S-1-5-21-2753036698-1833876717-151524435-519","PrincipalType":"Group","RightName":"WriteOwner","IsInherited":false},{"PrincipalSID":"S-1-5-21-2753036698-1833876717-151524435-519","PrincipalType":"Group","RightName":"GenericWrite","IsInherited":false}],"ObjectIdentifier":"7C1E4164-F49D-404F-8090-FC73F04B35D8","IsDeleted":false,"IsACLProtected":true,"Properties":{"domain":"SECHQCORP.COM","name":"ANONYMOUS USER LOGON GPO@SECHQCORP.COM","distinguishedname":"CN={FED23A9D-0919-4A7C-8E2F-064C4DEA2B21},CN=POLICIES,CN=SYSTEM,DC=SECHQCORP,DC=COM","domainsid":"S-1-5-21-2753036698-1833876717-151524435","description":null,"whencreated":1634814924,"gpcpath":"\\\\SECHQCORP.COM\\SYSVOL\\SECHQCORP.COM\\POLICIES\\{FED23A9D-0919-4A7C-8E2F-064C4DEA2B21}"}},{"Aces":[{"PrincipalSID":"S-1-5-21-2753036698-1833876717-151524435-512","PrincipalType":"Group","RightName":"Owns","IsInherited":false},{"PrincipalSID":"S-1-5-21-2753036698-1833876717-151524435-512","PrincipalType":"Group","RightName":"WriteDacl","IsInherited":false},{"PrincipalSID":"S-1-5-21-2753036698-1833876717-151524435-512","PrincipalType":"Group","RightName":"WriteOwner","IsInherited":false},{"PrincipalSID":"S-1-5-21-2753036698-1833876717-151524435-512","PrincipalType":"Group","RightName":"GenericWrite","IsInherited":false},{"PrincipalSID":"S-1-5-21-2753036698-1833876717-151524435-519","PrincipalType":"Group","RightName":"WriteDacl","IsInherited":false},{"PrincipalSID":"S-1-5-21-2753036698-1833876717-151524435-519","PrincipalType":"Group","RightName":"WriteOwner","IsInherited":false},{"PrincipalSID":"S-1-5-21-2753036698-1833876717-151524435-519","PrincipalType":"Group","RightName":"GenericWrite","IsInherited":false},{"PrincipalSID":"S-1-5-21-2753036698-1833876717-151524435-1281","PrincipalType":"Group","RightName":"GenericWrite","IsInherited":false}],"ObjectIdentifier":"B5969E0B-2E61-4454-9526-E57DCE8CCDF9","IsDeleted":false,"IsACLProtected":true,"Properties":{"domain":"SECHQCORP.COM","name":"SOC ADMIN GPO@SECHQCORP.COM","distinguishedname":"CN={758EB9EB-AEA6-42FC-9906-4BBFA45048CA},CN=POLICIES,CN=SYSTEM,DC=SECHQCORP,DC=COM","domainsid":"S-1-5-21-2753036698-1833876717-151524435","description":null,"whencreated":1634295391,"gpcpath":"\\\\SECHQCORP.COM\\SYSVOL\\SECHQCORP.COM\\POLICIES\\{758EB9EB-AEA6-42FC-9906-4BBFA45048CA}"}},{"Aces":[{"PrincipalSID":"S-1-5-21-2753036698-1833876717-151524435-512","PrincipalType":"Group","RightName":"Owns","IsInherited":false},{"PrincipalSID":"S-1-5-21-2753036698-1833876717-151524435-512","PrincipalType":"Group","RightName":"WriteDacl","IsInherited":false},{"PrincipalSID":"S-1-5-21-2753036698-1833876717-151524435-512","PrincipalType":"Group","RightName":"WriteOwner","IsInherited":false},{"PrincipalSID":"S-1-5-21-2753036698-1833876717-151524435-512","PrincipalType":"Group","RightName":"GenericWrite","IsInherited":false},{"PrincipalSID":"S-1-5-21-2753036698-1833876717-151524435-519","PrincipalType":"Group","RightName":"WriteDacl","IsInherited":false},{"PrincipalSID":"S-1-5-21-2753036698-1833876717-151524435-519","PrincipalType":"Group","RightName":"WriteOwner","IsInherited":false},{"PrincipalSID":"S-1-5-21-2753036698-1833876717-151524435-519","PrincipalType":"Group","RightName":"GenericWrite","IsInherited":false}],"ObjectIdentifier":"C77202FD-BB31-485E-B483-C18EADE77245","IsDeleted":false,"IsACLProtected":true,"Properties":{"domain":"SECHQCORP.COM","name":"DISABLE LLMNR NETBIOS@SECHQCORP.COM","distinguishedname":"CN={38B38AE6-C03D-4781-A0BE-21D99EEE05B4},CN=POLICIES,CN=SYSTEM,DC=SECHQCORP,DC=COM","domainsid":"S-1-5-21-2753036698-1833876717-151524435","description":null,"whencreated":1634831096,"gpcpath":"\\\\SECHQCORP.COM\\SYSVOL\\SECHQCORP.COM\\POLICIES\\{38B38AE6-C03D-4781-A0BE-21D99EEE05B4}"}},{"Aces":[{"PrincipalSID":"S-1-5-21-2753036698-1833876717-151524435-512","PrincipalType":"Group","RightName":"Owns","IsInherited":false},{"PrincipalSID":"S-1-5-21-2753036698-1833876717-151524435-512","PrincipalType":"Group","RightName":"WriteDacl","IsInherited":false},{"PrincipalSID":"S-1-5-21-2753036698-1833876717-151524435-512","PrincipalType":"Group","RightName":"WriteOwner","IsInherited":false},{"PrincipalSID":"S-1-5-21-2753036698-1833876717-151524435-512","PrincipalType":"Group","RightName":"GenericWrite","IsInherited":false},{"PrincipalSID":"S-1-5-21-2753036698-1833876717-151524435-519","PrincipalType":"Group","RightName":"WriteDacl","IsInherited":false},{"PrincipalSID":"S-1-5-21-2753036698-1833876717-151524435-519","PrincipalType":"Group","RightName":"WriteOwner","IsInherited":false},{"PrincipalSID":"S-1-5-21-2753036698-1833876717-151524435-519","PrincipalType":"Group","RightName":"GenericWrite","IsInherited":false}],"ObjectIdentifier":"1DD4C3C4-C993-4488-AE16-FBD92AB1A572","IsDeleted":false,"IsACLProtected":true,"Properties":{"domain":"SECHQCORP.COM","name":"LOCAL ADMIN RISTRICTION GPO@SECHQCORP.COM","distinguishedname":"CN={8D222E5B-1CA7-4456-9A35-7B8D7ABA47EB},CN=POLICIES,CN=SYSTEM,DC=SECHQCORP,DC=COM","domainsid":"S-1-5-21-2753036698-1833876717-151524435","description":null,"whencreated":1635767525,"gpcpath":"\\\\SECHQCORP.COM\\SYSVOL\\SECHQCORP.COM\\POLICIES\\{8D222E5B-1CA7-4456-9A35-7B8D7ABA47EB}"}},{"Aces":[{"PrincipalSID":"S-1-5-21-2753036698-1833876717-151524435-512","PrincipalType":"Group","RightName":"Owns","IsInherited":false},{"PrincipalSID":"S-1-5-21-2753036698-1833876717-151524435-512","PrincipalType":"Group","RightName":"WriteDacl","IsInherited":false},{"PrincipalSID":"S-1-5-21-2753036698-1833876717-151524435-512","PrincipalType":"Group","RightName":"WriteOwner","IsInherited":false},{"PrincipalSID":"S-1-5-21-2753036698-1833876717-151524435-512","PrincipalType":"Group","RightName":"GenericWrite","IsInherited":false},{"PrincipalSID":"S-1-5-21-2753036698-1833876717-151524435-519","PrincipalType":"Group","RightName":"WriteDacl","IsInherited":false},{"PrincipalSID":"S-1-5-21-2753036698-1833876717-151524435-519","PrincipalType":"Group","RightName":"WriteOwner","IsInherited":false},{"PrincipalSID":"S-1-5-21-2753036698-1833876717-151524435-519","PrincipalType":"Group","RightName":"GenericWrite","IsInherited":false},{"PrincipalSID":"S-1-5-21-2753036698-1833876717-151524435-1299","PrincipalType":"Base","RightName":"WriteDacl","IsInherited":false},{"PrincipalSID":"S-1-5-21-2753036698-1833876717-151524435-1299","PrincipalType":"Base","RightName":"WriteOwner","IsInherited":false},{"PrincipalSID":"S-1-5-21-2753036698-1833876717-151524435-1299","PrincipalType":"Base","RightName":"GenericWrite","IsInherited":false}],"ObjectIdentifier":"FC1AF310-0DDB-485E-80FA-65BEAC6683F9","IsDeleted":false,"IsACLProtected":true,"Properties":{"domain":"SECHQCORP.COM","name":"COMPLIANCE GPO FOR WINDOWS LEVEL2 POLICY@SECHQCORP.COM","distinguishedname":"CN={907B23F5-797C-4AB8-B3C8-A8B984E7A5E8},CN=POLICIES,CN=SYSTEM,DC=SECHQCORP,DC=COM","domainsid":"S-1-5-21-2753036698-1833876717-151524435","description":null,"whencreated":1598696158,"gpcpath":"\\\\SECHQCORP.COM\\SYSVOL\\SECHQCORP.COM\\POLICIES\\{907B23F5-797C-4AB8-B3C8-A8B984E7A5E8}"}},{"Aces":[{"PrincipalSID":"S-1-5-21-2753036698-1833876717-151524435-512","PrincipalType":"Group","RightName":"Owns","IsInherited":false},{"PrincipalSID":"S-1-5-21-2753036698-1833876717-151524435-512","PrincipalType":"Group","RightName":"WriteDacl","IsInherited":false},{"PrincipalSID":"S-1-5-21-2753036698-1833876717-151524435-512","PrincipalType":"Group","RightName":"WriteOwner","IsInherited":false},{"PrincipalSID":"S-1-5-21-2753036698-1833876717-151524435-512","PrincipalType":"Group","RightName":"GenericWrite","IsInherited":false},{"PrincipalSID":"S-1-5-21-2753036698-1833876717-151524435-519","PrincipalType":"Group","RightName":"WriteDacl","IsInherited":false},{"PrincipalSID":"S-1-5-21-2753036698-1833876717-151524435-519","PrincipalType":"Group","RightName":"WriteOwner","IsInherited":false},{"PrincipalSID":"S-1-5-21-2753036698-1833876717-151524435-519","PrincipalType":"Group","RightName":"GenericWrite","IsInherited":false}],"ObjectIdentifier":"9E5060D0-906B-4E5A-80C9-262CB8D66188","IsDeleted":false,"IsACLProtected":true,"Properties":{"domain":"SECHQCORP.COM","name":"DISABLE VB SCRIPT,MACROS,BAT@SECHQCORP.COM","distinguishedname":"CN={00D3A86A-CC2A-48DD-AC17-E04EA6C419BB},CN=POLICIES,CN=SYSTEM,DC=SECHQCORP,DC=COM","domainsid":"S-1-5-21-2753036698-1833876717-151524435","description":null,"whencreated":1636384070,"gpcpath":"\\\\SECHQCORP.COM\\SYSVOL\\SECHQCORP.COM\\POLICIES\\{00D3A86A-CC2A-48DD-AC17-E04EA6C419BB}"}},{"Aces":[{"PrincipalSID":"S-1-5-21-2753036698-1833876717-151524435-512","PrincipalType":"Group","RightName":"Owns","IsInherited":false},{"PrincipalSID":"S-1-5-21-2753036698-1833876717-151524435-512","PrincipalType":"Group","RightName":"WriteDacl","IsInherited":false},{"PrincipalSID":"S-1-5-21-2753036698-1833876717-151524435-512","PrincipalType":"Group","RightName":"WriteOwner","IsInherited":false},{"PrincipalSID":"S-1-5-21-2753036698-1833876717-151524435-512","PrincipalType":"Group","RightName":"GenericWrite","IsInherited":false},{"PrincipalSID":"S-1-5-21-2753036698-1833876717-151524435-519","PrincipalType":"Group","RightName":"WriteDacl","IsInherited":false},{"PrincipalSID":"S-1-5-21-2753036698-1833876717-151524435-519","PrincipalType":"Group","RightName":"WriteOwner","IsInherited":false},{"PrincipalSID":"S-1-5-21-2753036698-1833876717-151524435-519","PrincipalType":"Group","RightName":"GenericWrite","IsInherited":false},{"PrincipalSID":"S-1-5-21-2753036698-1833876717-151524435-1427","PrincipalType":"Computer","RightName":"WriteDacl","IsInherited":false},{"PrincipalSID":"S-1-5-21-2753036698-1833876717-151524435-1427","PrincipalType":"Computer","RightName":"WriteOwner","IsInherited":false},{"PrincipalSID":"S-1-5-21-2753036698-1833876717-151524435-1427","PrincipalType":"Computer","RightName":"GenericWrite","IsInherited":false},{"PrincipalSID":"S-1-5-21-2753036698-1833876717-151524435-1427","PrincipalType":"Computer","RightName":"GenericAll","IsInherited":false}],"ObjectIdentifier":"CCB0BC60-9202-446D-AE6E-3193B0DA9E14","IsDeleted":false,"IsACLProtected":true,"Properties":{"domain":"SECHQCORP.COM","name":"DECOY POLICY@SECHQCORP.COM","distinguishedname":"CN={79162907-AEA8-4BF9-B726-FE82C16A3559},CN=POLICIES,CN=SYSTEM,DC=SECHQCORP,DC=COM","domainsid":"S-1-5-21-2753036698-1833876717-151524435","description":null,"whencreated":1644418794,"gpcpath":"\\\\SECHQCORP.COM\\SYSVOL\\SECHQCORP.COM\\POLICIES\\{79162907-AEA8-4BF9-B726-FE82C16A3559}"}}],"meta":{"methods":29675,"type":"gpos","count":27,"version":4}}