﻿{"data":[{"ChildObjects":[],"Aces":[{"PrincipalSID":"S-1-5-21-2753036698-1833876717-151524435-512","PrincipalType":"Group","RightName":"Owns","IsInherited":false},{"PrincipalSID":"S-1-5-21-2753036698-1833876717-151524435-512","PrincipalType":"Group","RightName":"WriteDacl","IsInherited":false},{"PrincipalSID":"S-1-5-21-2753036698-1833876717-151524435-512","PrincipalType":"Group","RightName":"WriteOwner","IsInherited":false},{"PrincipalSID":"S-1-5-21-2753036698-1833876717-151524435-519","PrincipalType":"Group","RightName":"GenericAll","IsInherited":true},{"PrincipalSID":"SECHQCORP.COM-S-1-5-32-544","PrincipalType":"Group","RightName":"WriteDacl","IsInherited":true},{"PrincipalSID":"SECHQCORP.COM-S-1-5-32-544","PrincipalType":"Group","RightName":"WriteOwner","IsInherited":true}],"ObjectIdentifier":"DA8C6F59-5500-42AC-A80D-39D632487900","IsDeleted":false,"IsACLProtected":false,"Properties":{"domain":"SECHQCORP.COM","name":"SYSTEM@SECHQCORP.COM","distinguishedname":"CN=SYSTEM,DC=SECHQCORP,DC=COM","domainsid":"S-1-5-21-2753036698-1833876717-151524435"}},{"ChildObjects":[],"Aces":[{"PrincipalSID":"S-1-5-21-2753036698-1833876717-151524435-512","PrincipalType":"Group","RightName":"Owns","IsInherited":false},{"PrincipalSID":"S-1-5-21-2753036698-1833876717-151524435-512","PrincipalType":"Group","RightName":"GenericAll","IsInherited":false},{"PrincipalSID":"S-1-5-21-2753036698-1833876717-151524435-519","PrincipalType":"Group","RightName":"GenericAll","IsInherited":true},{"PrincipalSID":"SECHQCORP.COM-S-1-5-32-544","PrincipalType":"Group","RightName":"WriteDacl","IsInherited":true},{"PrincipalSID":"SECHQCORP.COM-S-1-5-32-544","PrincipalType":"Group","RightName":"WriteOwner","IsInherited":true}],"ObjectIdentifier":"BE5B5694-85D4-4157-BC4B-F580E1C37532","IsDeleted":false,"IsACLProtected":false,"Properties":{"domain":"SECHQCORP.COM","name":"PROGRAM DATA@SECHQCORP.COM","distinguishedname":"CN=PROGRAM DATA,DC=SECHQCORP,DC=COM","domainsid":"S-1-5-21-2753036698-1833876717-151524435"}},{"ChildObjects":[],"Aces":[{"PrincipalSID":"S-1-5-21-2753036698-1833876717-151524435-512","PrincipalType":"Group","RightName":"Owns","IsInherited":false},{"PrincipalSID":"S-1-5-21-2753036698-1833876717-151524435-512","PrincipalType":"Group","RightName":"GenericAll","IsInherited":false},{"PrincipalSID":"S-1-5-21-2753036698-1833876717-151524435-519","PrincipalType":"Group","RightName":"GenericAll","IsInherited":true},{"PrincipalSID":"SECHQCORP.COM-S-1-5-32-544","PrincipalType":"Group","RightName":"WriteDacl","IsInherited":true},{"PrincipalSID":"SECHQCORP.COM-S-1-5-32-544","PrincipalType":"Group","RightName":"WriteOwner","IsInherited":true}],"ObjectIdentifier":"674E4F3C-784D-46BA-AD54-378FEB64EDF6","IsDeleted":false,"IsACLProtected":false,"Properties":{"domain":"SECHQCORP.COM","name":"FOREIGNSECURITYPRINCIPALS@SECHQCORP.COM","distinguishedname":"CN=FOREIGNSECURITYPRINCIPALS,DC=SECHQCORP,DC=COM","domainsid":"S-1-5-21-2753036698-1833876717-151524435"}},{"ChildObjects":[{"ObjectIdentifier":"S-1-5-21-2753036698-1833876717-151524435-1536","ObjectType":"Computer"},{"ObjectIdentifier":"S-1-5-21-2753036698-1833876717-151524435-1605","ObjectType":"Computer"},{"ObjectIdentifier":"S-1-5-21-2753036698-1833876717-151524435-1527","ObjectType":"Computer"},{"ObjectIdentifier":"S-1-5-21-2753036698-1833876717-151524435-1546","ObjectType":"Computer"},{"ObjectIdentifier":"S-1-5-21-2753036698-1833876717-151524435-1549","ObjectType":"Computer"}],"Aces":[{"PrincipalSID":"S-1-5-21-2753036698-1833876717-151524435-512","PrincipalType":"Group","RightName":"Owns","IsInherited":false},{"PrincipalSID":"S-1-5-21-2753036698-1833876717-151524435-512","PrincipalType":"Group","RightName":"WriteDacl","IsInherited":false},{"PrincipalSID":"S-1-5-21-2753036698-1833876717-151524435-512","PrincipalType":"Group","RightName":"WriteOwner","IsInherited":false},{"PrincipalSID":"S-1-5-21-2753036698-1833876717-151524435-519","PrincipalType":"Group","RightName":"GenericAll","IsInherited":true},{"PrincipalSID":"SECHQCORP.COM-S-1-5-32-544","PrincipalType":"Group","RightName":"WriteDacl","IsInherited":true},{"PrincipalSID":"SECHQCORP.COM-S-1-5-32-544","PrincipalType":"Group","RightName":"WriteOwner","IsInherited":true}],"ObjectIdentifier":"63B2DC2B-2CF0-46E5-9417-83C546C27739","IsDeleted":false,"IsACLProtected":false,"Properties":{"domain":"SECHQCORP.COM","name":"COMPUTERS@SECHQCORP.COM","distinguishedname":"CN=COMPUTERS,DC=SECHQCORP,DC=COM","domainsid":"S-1-5-21-2753036698-1833876717-151524435"}},{"ChildObjects":[],"Aces":[{"PrincipalSID":"S-1-5-21-2753036698-1833876717-151524435-512","PrincipalType":"Group","RightName":"Owns","IsInherited":false},{"PrincipalSID":"S-1-5-21-2753036698-1833876717-151524435-512","PrincipalType":"Group","RightName":"WriteDacl","IsInherited":false},{"PrincipalSID":"S-1-5-21-2753036698-1833876717-151524435-512","PrincipalType":"Group","RightName":"WriteOwner","IsInherited":false},{"PrincipalSID":"S-1-5-21-2753036698-1833876717-151524435-519","PrincipalType":"Group","RightName":"GenericAll","IsInherited":true},{"PrincipalSID":"SECHQCORP.COM-S-1-5-32-544","PrincipalType":"Group","RightName":"WriteDacl","IsInherited":true},{"PrincipalSID":"SECHQCORP.COM-S-1-5-32-544","PrincipalType":"Group","RightName":"WriteOwner","IsInherited":true}],"ObjectIdentifier":"2941CE0A-9856-442C-A12B-029370819403","IsDeleted":false,"IsACLProtected":false,"Properties":{"domain":"SECHQCORP.COM","name":"MANAGED SERVICE ACCOUNTS@SECHQCORP.COM","distinguishedname":"CN=MANAGED SERVICE ACCOUNTS,DC=SECHQCORP,DC=COM","domainsid":"S-1-5-21-2753036698-1833876717-151524435"}},{"ChildObjects":[],"Aces":[{"PrincipalSID":"S-1-5-21-2753036698-1833876717-151524435-512","PrincipalType":"Group","RightName":"Owns","IsInherited":false},{"PrincipalSID":"S-1-5-21-2753036698-1833876717-151524435-512","PrincipalType":"Group","RightName":"GenericAll","IsInherited":false},{"PrincipalSID":"S-1-5-21-2753036698-1833876717-151524435-519","PrincipalType":"Group","RightName":"GenericAll","IsInherited":true},{"PrincipalSID":"SECHQCORP.COM-S-1-5-32-544","PrincipalType":"Group","RightName":"WriteDacl","IsInherited":true},{"PrincipalSID":"SECHQCORP.COM-S-1-5-32-544","PrincipalType":"Group","RightName":"WriteOwner","IsInherited":true}],"ObjectIdentifier":"0F39EE04-D8AF-45AA-ADAF-535D2AB7DA1C","IsDeleted":false,"IsACLProtected":false,"Properties":{"domain":"SECHQCORP.COM","name":"MICROSOFT@SECHQCORP.COM","distinguishedname":"CN=MICROSOFT,CN=PROGRAM DATA,DC=SECHQCORP,DC=COM","domainsid":"S-1-5-21-2753036698-1833876717-151524435"}},{"ChildObjects":[],"Aces":[{"PrincipalSID":"S-1-5-21-2753036698-1833876717-151524435-512","PrincipalType":"Group","RightName":"Owns","IsInherited":false},{"PrincipalSID":"S-1-5-21-2753036698-1833876717-151524435-512","PrincipalType":"Group","RightName":"WriteDacl","IsInherited":false},{"PrincipalSID":"S-1-5-21-2753036698-1833876717-151524435-512","PrincipalType":"Group","RightName":"WriteOwner","IsInherited":false},{"PrincipalSID":"S-1-5-21-2753036698-1833876717-151524435-519","PrincipalType":"Group","RightName":"GenericAll","IsInherited":true},{"PrincipalSID":"SECHQCORP.COM-S-1-5-32-544","PrincipalType":"Group","RightName":"WriteDacl","IsInherited":true},{"PrincipalSID":"SECHQCORP.COM-S-1-5-32-544","PrincipalType":"Group","RightName":"WriteOwner","IsInherited":true}],"ObjectIdentifier":"FCB5C53F-44EA-4266-9419-87B9A512ACE2","IsDeleted":false,"IsACLProtected":false,"Properties":{"domain":"SECHQCORP.COM","name":"MEETINGS@SECHQCORP.COM","distinguishedname":"CN=MEETINGS,CN=SYSTEM,DC=SECHQCORP,DC=COM","domainsid":"S-1-5-21-2753036698-1833876717-151524435"}},{"ChildObjects":[],"Aces":[{"PrincipalSID":"S-1-5-21-2753036698-1833876717-151524435-512","PrincipalType":"Group","RightName":"Owns","IsInherited":false},{"PrincipalSID":"S-1-5-21-2753036698-1833876717-151524435-512","PrincipalType":"Group","RightName":"WriteDacl","IsInherited":false},{"PrincipalSID":"S-1-5-21-2753036698-1833876717-151524435-512","PrincipalType":"Group","RightName":"WriteOwner","IsInherited":false},{"PrincipalSID":"S-1-5-21-2753036698-1833876717-151524435-519","PrincipalType":"Group","RightName":"GenericAll","IsInherited":true},{"PrincipalSID":"SECHQCORP.COM-S-1-5-32-544","PrincipalType":"Group","RightName":"WriteDacl","IsInherited":true},{"PrincipalSID":"SECHQCORP.COM-S-1-5-32-544","PrincipalType":"Group","RightName":"WriteOwner","IsInherited":true}],"ObjectIdentifier":"C4F8FFB4-13DB-4D5C-AB1B-5EFB4EAB28B0","IsDeleted":false,"IsACLProtected":false,"Properties":{"domain":"SECHQCORP.COM","name":"RPCSERVICES@SECHQCORP.COM","distinguishedname":"CN=RPCSERVICES,CN=SYSTEM,DC=SECHQCORP,DC=COM","domainsid":"S-1-5-21-2753036698-1833876717-151524435"}},{"ChildObjects":[],"Aces":[{"PrincipalSID":"S-1-5-21-2753036698-1833876717-151524435-512","PrincipalType":"Group","RightName":"Owns","IsInherited":false},{"PrincipalSID":"S-1-5-21-2753036698-1833876717-151524435-512","PrincipalType":"Group","RightName":"WriteDacl","IsInherited":false},{"PrincipalSID":"S-1-5-21-2753036698-1833876717-151524435-512","PrincipalType":"Group","RightName":"WriteOwner","IsInherited":false},{"PrincipalSID":"S-1-5-21-2753036698-1833876717-151524435-519","PrincipalType":"Group","RightName":"GenericAll","IsInherited":true},{"PrincipalSID":"SECHQCORP.COM-S-1-5-32-544","PrincipalType":"Group","RightName":"WriteDacl","IsInherited":true},{"PrincipalSID":"SECHQCORP.COM-S-1-5-32-544","PrincipalType":"Group","RightName":"WriteOwner","IsInherited":true}],"ObjectIdentifier":"0EBAE5E6-BAA9-420A-9AB2-7FA8DC89DE51","IsDeleted":false,"IsACLProtected":false,"Properties":{"domain":"SECHQCORP.COM","name":"WINSOCKSERVICES@SECHQCORP.COM","distinguishedname":"CN=WINSOCKSERVICES,CN=SYSTEM,DC=SECHQCORP,DC=COM","domainsid":"S-1-5-21-2753036698-1833876717-151524435"}},{"ChildObjects":[],"Aces":[{"PrincipalSID":"S-1-5-21-2753036698-1833876717-151524435-512","PrincipalType":"Group","RightName":"Owns","IsInherited":false},{"PrincipalSID":"SECHQCORP.COM-S-1-5-32-544","PrincipalType":"Group","RightName":"WriteDacl","IsInherited":false},{"PrincipalSID":"SECHQCORP.COM-S-1-5-32-544","PrincipalType":"Group","RightName":"WriteOwner","IsInherited":false},{"PrincipalSID":"S-1-5-21-2753036698-1833876717-151524435-512","PrincipalType":"Group","RightName":"WriteDacl","IsInherited":false},{"PrincipalSID":"S-1-5-21-2753036698-1833876717-151524435-512","PrincipalType":"Group","RightName":"WriteOwner","IsInherited":false},{"PrincipalSID":"S-1-5-21-2753036698-1833876717-151524435-519","PrincipalType":"Group","RightName":"WriteDacl","IsInherited":false},{"PrincipalSID":"S-1-5-21-2753036698-1833876717-151524435-519","PrincipalType":"Group","RightName":"WriteOwner","IsInherited":false}],"ObjectIdentifier":"C28333F6-8B91-47B0-84EC-C689971F4A8A","IsDeleted":false,"IsACLProtected":true,"Properties":{"domain":"SECHQCORP.COM","name":"ADMINSDHOLDER@SECHQCORP.COM","distinguishedname":"CN=ADMINSDHOLDER,CN=SYSTEM,DC=SECHQCORP,DC=COM","domainsid":"S-1-5-21-2753036698-1833876717-151524435"}},{"ChildObjects":[],"Aces":[{"PrincipalSID":"S-1-5-21-2753036698-1833876717-151524435-512","PrincipalType":"Group","RightName":"Owns","IsInherited":false},{"PrincipalSID":"S-1-5-21-2753036698-1833876717-151524435-512","PrincipalType":"Group","RightName":"WriteDacl","IsInherited":false},{"PrincipalSID":"S-1-5-21-2753036698-1833876717-151524435-512","PrincipalType":"Group","RightName":"WriteOwner","IsInherited":false},{"PrincipalSID":"S-1-5-21-2753036698-1833876717-151524435-519","PrincipalType":"Group","RightName":"GenericAll","IsInherited":true},{"PrincipalSID":"SECHQCORP.COM-S-1-5-32-544","PrincipalType":"Group","RightName":"WriteDacl","IsInherited":true},{"PrincipalSID":"SECHQCORP.COM-S-1-5-32-544","PrincipalType":"Group","RightName":"WriteOwner","IsInherited":true}],"ObjectIdentifier":"A411F28C-FA8D-4B86-B3A6-022AA9F4DAE9","IsDeleted":false,"IsACLProtected":false,"Properties":{"domain":"SECHQCORP.COM","name":"COMPARTITIONSETS@SECHQCORP.COM","distinguishedname":"CN=COMPARTITIONSETS,CN=SYSTEM,DC=SECHQCORP,DC=COM","domainsid":"S-1-5-21-2753036698-1833876717-151524435"}},{"ChildObjects":[],"Aces":[{"PrincipalSID":"S-1-5-21-2753036698-1833876717-151524435-512","PrincipalType":"Group","RightName":"Owns","IsInherited":false},{"PrincipalSID":"S-1-5-21-2753036698-1833876717-151524435-512","PrincipalType":"Group","RightName":"WriteDacl","IsInherited":false},{"PrincipalSID":"S-1-5-21-2753036698-1833876717-151524435-512","PrincipalType":"Group","RightName":"WriteOwner","IsInherited":false},{"PrincipalSID":"S-1-5-21-2753036698-1833876717-151524435-519","PrincipalType":"Group","RightName":"GenericAll","IsInherited":true},{"PrincipalSID":"SECHQCORP.COM-S-1-5-32-544","PrincipalType":"Group","RightName":"WriteDacl","IsInherited":true},{"PrincipalSID":"SECHQCORP.COM-S-1-5-32-544","PrincipalType":"Group","RightName":"WriteOwner","IsInherited":true}],"ObjectIdentifier":"0E5BD61D-C7A9-4130-87B4-DC0D59F16AAD","IsDeleted":false,"IsACLProtected":false,"Properties":{"domain":"SECHQCORP.COM","name":"COMPARTITIONS@SECHQCORP.COM","distinguishedname":"CN=COMPARTITIONS,CN=SYSTEM,DC=SECHQCORP,DC=COM","domainsid":"S-1-5-21-2753036698-1833876717-151524435"}},{"ChildObjects":[],"Aces":[{"PrincipalSID":"S-1-5-21-2753036698-1833876717-151524435-512","PrincipalType":"Group","RightName":"Owns","IsInherited":false},{"PrincipalSID":"S-1-5-21-2753036698-1833876717-151524435-553","PrincipalType":"Group","RightName":"WriteDacl","IsInherited":false},{"PrincipalSID":"S-1-5-21-2753036698-1833876717-151524435-553","PrincipalType":"Group","RightName":"WriteOwner","IsInherited":false},{"PrincipalSID":"S-1-5-21-2753036698-1833876717-151524435-519","PrincipalType":"Group","RightName":"GenericAll","IsInherited":true},{"PrincipalSID":"SECHQCORP.COM-S-1-5-32-544","PrincipalType":"Group","RightName":"WriteDacl","IsInherited":true},{"PrincipalSID":"SECHQCORP.COM-S-1-5-32-544","PrincipalType":"Group","RightName":"WriteOwner","IsInherited":true}],"ObjectIdentifier":"93203FAE-53D1-4727-AB22-536ED39285DB","IsDeleted":false,"IsACLProtected":false,"Properties":{"domain":"SECHQCORP.COM","name":"RAS AND IAS SERVERS ACCESS CHECK@SECHQCORP.COM","distinguishedname":"CN=RAS AND IAS SERVERS ACCESS CHECK,CN=SYSTEM,DC=SECHQCORP,DC=COM","domainsid":"S-1-5-21-2753036698-1833876717-151524435"}},{"ChildObjects":[],"Aces":[{"PrincipalSID":"S-1-5-21-2753036698-1833876717-151524435-512","PrincipalType":"Group","RightName":"Owns","IsInherited":false},{"PrincipalSID":"S-1-5-21-2753036698-1833876717-151524435-512","PrincipalType":"Group","RightName":"WriteDacl","IsInherited":false},{"PrincipalSID":"S-1-5-21-2753036698-1833876717-151524435-512","PrincipalType":"Group","RightName":"WriteOwner","IsInherited":false},{"PrincipalSID":"S-1-5-21-2753036698-1833876717-151524435-519","PrincipalType":"Group","RightName":"GenericAll","IsInherited":true},{"PrincipalSID":"S-1-5-21-2753036698-1833876717-151524435-512","PrincipalType":"Group","RightName":"GenericAll","IsInherited":true}],"ObjectIdentifier":"24684F44-BA14-4E4B-A177-B007C13C7AD4","IsDeleted":false,"IsACLProtected":false,"Properties":{"domain":"SECHQCORP.COM","name":"POLICYTEMPLATE@SECHQCORP.COM","distinguishedname":"CN=POLICYTEMPLATE,CN=WMIPOLICY,CN=SYSTEM,DC=SECHQCORP,DC=COM","domainsid":"S-1-5-21-2753036698-1833876717-151524435"}},{"ChildObjects":[],"Aces":[{"PrincipalSID":"S-1-5-21-2753036698-1833876717-151524435-512","PrincipalType":"Group","RightName":"Owns","IsInherited":false},{"PrincipalSID":"S-1-5-21-2753036698-1833876717-151524435-512","PrincipalType":"Group","RightName":"GenericAll","IsInherited":false},{"PrincipalSID":"S-1-5-21-2753036698-1833876717-151524435-519","PrincipalType":"Group","RightName":"GenericAll","IsInherited":true},{"PrincipalSID":"SECHQCORP.COM-S-1-5-32-544","PrincipalType":"Group","RightName":"WriteDacl","IsInherited":true},{"PrincipalSID":"SECHQCORP.COM-S-1-5-32-544","PrincipalType":"Group","RightName":"WriteOwner","IsInherited":true}],"ObjectIdentifier":"D41394C1-1C4E-4958-BDB2-E1682BB8F1E3","IsDeleted":false,"IsACLProtected":false,"Properties":{"domain":"SECHQCORP.COM","name":"PSPS@SECHQCORP.COM","distinguishedname":"CN=PSPS,CN=SYSTEM,DC=SECHQCORP,DC=COM","domainsid":"S-1-5-21-2753036698-1833876717-151524435"}},{"ChildObjects":[],"Aces":[{"PrincipalSID":"S-1-5-21-2753036698-1833876717-151524435-512","PrincipalType":"Group","RightName":"Owns","IsInherited":false},{"PrincipalSID":"S-1-5-21-2753036698-1833876717-151524435-512","PrincipalType":"Group","RightName":"WriteDacl","IsInherited":false},{"PrincipalSID":"S-1-5-21-2753036698-1833876717-151524435-512","PrincipalType":"Group","RightName":"WriteOwner","IsInherited":false},{"PrincipalSID":"S-1-5-21-2753036698-1833876717-151524435-519","PrincipalType":"Group","RightName":"GenericAll","IsInherited":true},{"PrincipalSID":"S-1-5-21-2753036698-1833876717-151524435-512","PrincipalType":"Group","RightName":"GenericAll","IsInherited":true}],"ObjectIdentifier":"07FEC63E-9FB8-4DB7-BEA3-A60332F3C448","IsDeleted":false,"IsACLProtected":false,"Properties":{"domain":"SECHQCORP.COM","name":"WMIGPO@SECHQCORP.COM","distinguishedname":"CN=WMIGPO,CN=WMIPOLICY,CN=SYSTEM,DC=SECHQCORP,DC=COM","domainsid":"S-1-5-21-2753036698-1833876717-151524435"}},{"ChildObjects":[],"Aces":[{"PrincipalSID":"S-1-5-21-2753036698-1833876717-151524435-512","PrincipalType":"Group","RightName":"Owns","IsInherited":false},{"PrincipalSID":"S-1-5-21-2753036698-1833876717-151524435-512","PrincipalType":"Group","RightName":"WriteDacl","IsInherited":false},{"PrincipalSID":"S-1-5-21-2753036698-1833876717-151524435-512","PrincipalType":"Group","RightName":"WriteOwner","IsInherited":false},{"PrincipalSID":"S-1-5-21-2753036698-1833876717-151524435-519","PrincipalType":"Group","RightName":"GenericAll","IsInherited":true},{"PrincipalSID":"SECHQCORP.COM-S-1-5-32-544","PrincipalType":"Group","RightName":"WriteDacl","IsInherited":true},{"PrincipalSID":"SECHQCORP.COM-S-1-5-32-544","PrincipalType":"Group","RightName":"WriteOwner","IsInherited":true}],"ObjectIdentifier":"CAEB14BD-F802-4ABE-A030-23F3BB2D83D4","IsDeleted":false,"IsACLProtected":false,"Properties":{"domain":"SECHQCORP.COM","name":"POLICIES@SECHQCORP.COM","distinguishedname":"CN=POLICIES,CN=SYSTEM,DC=SECHQCORP,DC=COM","domainsid":"S-1-5-21-2753036698-1833876717-151524435"}},{"ChildObjects":[],"Aces":[{"PrincipalSID":"S-1-5-21-2753036698-1833876717-151524435-512","PrincipalType":"Group","RightName":"Owns","IsInherited":false},{"PrincipalSID":"S-1-5-21-2753036698-1833876717-151524435-512","PrincipalType":"Group","RightName":"GenericAll","IsInherited":false},{"PrincipalSID":"S-1-5-21-2753036698-1833876717-151524435-519","PrincipalType":"Group","RightName":"GenericAll","IsInherited":false}],"ObjectIdentifier":"9D5725E0-B88D-4BD3-89E6-EF2CB57F2A9B","IsDeleted":false,"IsACLProtected":true,"Properties":{"domain":"SECHQCORP.COM","name":"WMIPOLICY@SECHQCORP.COM","distinguishedname":"CN=WMIPOLICY,CN=SYSTEM,DC=SECHQCORP,DC=COM","domainsid":"S-1-5-21-2753036698-1833876717-151524435"}},{"ChildObjects":[],"Aces":[{"PrincipalSID":"S-1-5-21-2753036698-1833876717-151524435-512","PrincipalType":"Group","RightName":"Owns","IsInherited":false},{"PrincipalSID":"S-1-5-21-2753036698-1833876717-151524435-512","PrincipalType":"Group","RightName":"GenericAll","IsInherited":false},{"PrincipalSID":"S-1-5-21-2753036698-1833876717-151524435-519","PrincipalType":"Group","RightName":"GenericAll","IsInherited":false}],"ObjectIdentifier":"D249DE7F-5371-4DAD-AF17-437FF2F96E36","IsDeleted":false,"IsACLProtected":true,"Properties":{"domain":"SECHQCORP.COM","name":"SOM@SECHQCORP.COM","distinguishedname":"CN=SOM,CN=WMIPOLICY,CN=SYSTEM,DC=SECHQCORP,DC=COM","domainsid":"S-1-5-21-2753036698-1833876717-151524435"}},{"ChildObjects":[],"Aces":[{"PrincipalSID":"S-1-5-21-2753036698-1833876717-151524435-512","PrincipalType":"Group","RightName":"Owns","IsInherited":false},{"PrincipalSID":"S-1-5-21-2753036698-1833876717-151524435-512","PrincipalType":"Group","RightName":"WriteDacl","IsInherited":false},{"PrincipalSID":"S-1-5-21-2753036698-1833876717-151524435-512","PrincipalType":"Group","RightName":"WriteOwner","IsInherited":false},{"PrincipalSID":"S-1-5-21-2753036698-1833876717-151524435-519","PrincipalType":"Group","RightName":"GenericAll","IsInherited":true},{"PrincipalSID":"S-1-5-21-2753036698-1833876717-151524435-512","PrincipalType":"Group","RightName":"GenericAll","IsInherited":true}],"ObjectIdentifier":"784C55F8-F21A-4558-A9A5-6893F9A00A53","IsDeleted":false,"IsACLProtected":false,"Properties":{"domain":"SECHQCORP.COM","name":"POLICYTYPE@SECHQCORP.COM","distinguishedname":"CN=POLICYTYPE,CN=WMIPOLICY,CN=SYSTEM,DC=SECHQCORP,DC=COM","domainsid":"S-1-5-21-2753036698-1833876717-151524435"}},{"ChildObjects":[{"ObjectIdentifier":"S-1-5-21-2753036698-1833876717-151524435-1448","ObjectType":"User"},{"ObjectIdentifier":"S-1-5-21-2753036698-1833876717-151524435-571","ObjectType":"Group"},{"ObjectIdentifier":"S-1-5-21-2753036698-1833876717-151524435-1334","ObjectType":"User"},{"ObjectIdentifier":"S-1-5-21-2753036698-1833876717-151524435-517","ObjectType":"Group"},{"ObjectIdentifier":"S-1-5-21-2753036698-1833876717-151524435-522","ObjectType":"Group"},{"ObjectIdentifier":"S-1-5-21-2753036698-1833876717-151524435-1333","ObjectType":"User"},{"ObjectIdentifier":"S-1-5-21-2753036698-1833876717-151524435-1152","ObjectType":"User"},{"ObjectIdentifier":"S-1-5-21-2753036698-1833876717-151524435-1153","ObjectType":"User"},{"ObjectIdentifier":"S-1-5-21-2753036698-1833876717-151524435-1158","ObjectType":"User"},{"ObjectIdentifier":"S-1-5-21-2753036698-1833876717-151524435-1159","ObjectType":"User"},{"ObjectIdentifier":"S-1-5-21-2753036698-1833876717-151524435-1156","ObjectType":"User"},{"ObjectIdentifier":"S-1-5-21-2753036698-1833876717-151524435-1157","ObjectType":"User"},{"ObjectIdentifier":"S-1-5-21-2753036698-1833876717-151524435-1160","ObjectType":"User"},{"ObjectIdentifier":"S-1-5-21-2753036698-1833876717-151524435-1161","ObjectType":"User"},{"ObjectIdentifier":"S-1-5-21-2753036698-1833876717-151524435-1154","ObjectType":"User"},{"ObjectIdentifier":"S-1-5-21-2753036698-1833876717-151524435-1155","ObjectType":"User"},{"ObjectIdentifier":"S-1-5-21-2753036698-1833876717-151524435-503","ObjectType":"User"},{"ObjectIdentifier":"S-1-5-21-2753036698-1833876717-151524435-572","ObjectType":"Group"},{"ObjectIdentifier":"S-1-5-21-2753036698-1833876717-151524435-1101","ObjectType":"Group"},{"ObjectIdentifier":"S-1-5-21-2753036698-1833876717-151524435-1102","ObjectType":"Group"},{"ObjectIdentifier":"S-1-5-21-2753036698-1833876717-151524435-512","ObjectType":"Group"},{"ObjectIdentifier":"S-1-5-21-2753036698-1833876717-151524435-515","ObjectType":"Group"},{"ObjectIdentifier":"S-1-5-21-2753036698-1833876717-151524435-516","ObjectType":"Group"},{"ObjectIdentifier":"S-1-5-21-2753036698-1833876717-151524435-514","ObjectType":"Group"},{"ObjectIdentifier":"S-1-5-21-2753036698-1833876717-151524435-513","ObjectType":"Group"},{"ObjectIdentifier":"S-1-5-21-2753036698-1833876717-151524435-519","ObjectType":"Group"},{"ObjectIdentifier":"S-1-5-21-2753036698-1833876717-151524435-527","ObjectType":"Group"},{"ObjectIdentifier":"S-1-5-21-2753036698-1833876717-151524435-498","ObjectType":"Group"},{"ObjectIdentifier":"S-1-5-21-2753036698-1833876717-151524435-520","ObjectType":"Group"},{"ObjectIdentifier":"S-1-5-21-2753036698-1833876717-151524435-501","ObjectType":"User"},{"ObjectIdentifier":"S-1-5-21-2753036698-1833876717-151524435-526","ObjectType":"Group"},{"ObjectIdentifier":"S-1-5-21-2753036698-1833876717-151524435-502","ObjectType":"User"},{"ObjectIdentifier":"S-1-5-21-2753036698-1833876717-151524435-1418","ObjectType":"User"},{"ObjectIdentifier":"S-1-5-21-2753036698-1833876717-151524435-1311","ObjectType":"User"},{"ObjectIdentifier":"S-1-5-21-2753036698-1833876717-151524435-1485","ObjectType":"User"},{"ObjectIdentifier":"S-1-5-21-2753036698-1833876717-151524435-1292","ObjectType":"Group"},{"ObjectIdentifier":"S-1-5-21-2753036698-1833876717-151524435-1377","ObjectType":"User"},{"ObjectIdentifier":"S-1-5-21-2753036698-1833876717-151524435-525","ObjectType":"Group"},{"ObjectIdentifier":"S-1-5-21-2753036698-1833876717-151524435-1329","ObjectType":"User"},{"ObjectIdentifier":"S-1-5-21-2753036698-1833876717-151524435-1411","ObjectType":"User"},{"ObjectIdentifier":"S-1-5-21-2753036698-1833876717-151524435-553","ObjectType":"Group"},{"ObjectIdentifier":"S-1-5-21-2753036698-1833876717-151524435-521","ObjectType":"Group"},{"ObjectIdentifier":"S-1-5-21-2753036698-1833876717-151524435-518","ObjectType":"Group"},{"ObjectIdentifier":"S-1-5-21-2753036698-1833876717-151524435-500","ObjectType":"User"},{"ObjectIdentifier":"S-1-5-21-2753036698-1833876717-151524435-1293","ObjectType":"User"}],"Aces":[{"PrincipalSID":"S-1-5-21-2753036698-1833876717-151524435-512","PrincipalType":"Group","RightName":"Owns","IsInherited":false},{"PrincipalSID":"S-1-5-21-2753036698-1833876717-151524435-512","PrincipalType":"Group","RightName":"WriteDacl","IsInherited":false},{"PrincipalSID":"S-1-5-21-2753036698-1833876717-151524435-512","PrincipalType":"Group","RightName":"WriteOwner","IsInherited":false},{"PrincipalSID":"S-1-5-21-2753036698-1833876717-151524435-519","PrincipalType":"Group","RightName":"GenericAll","IsInherited":true},{"PrincipalSID":"SECHQCORP.COM-S-1-5-32-544","PrincipalType":"Group","RightName":"WriteDacl","IsInherited":true},{"PrincipalSID":"SECHQCORP.COM-S-1-5-32-544","PrincipalType":"Group","RightName":"WriteOwner","IsInherited":true}],"ObjectIdentifier":"2C5EFE47-5E2B-419F-93EA-171BA118F7C2","IsDeleted":false,"IsACLProtected":false,"Properties":{"domain":"SECHQCORP.COM","name":"USERS@SECHQCORP.COM","distinguishedname":"CN=USERS,DC=SECHQCORP,DC=COM","domainsid":"S-1-5-21-2753036698-1833876717-151524435"}}],"meta":{"methods":29675,"type":"containers","count":21,"version":4}}